Row.names	freq	prev	p.freq	p.prev	p	contaminant	Kingdom	Phylum	Class	Order	Family	Genus	Species
bae00d1cd50fc98c7c2a08b581785010	0.09060391831919364	19	NA	0.9904273504273504	0.9904273504273504	FALSE	Fungi	Ascomycota	Saccharomycetes	Saccharomycetales	Saccharomycetaceae	Saccharomyces	Saccharomyces_cerevisiae
fd15e3bbd079032a9708ea9fead1b7bc	0.04191550713084756	27	NA	0.5	0.5	FALSE	Fungi	Ascomycota	Dothideomycetes	Capnodiales	Cladosporiaceae	Cladosporium	Cladosporium_tenuissimum
bed94abcc44c3cdf5f3ccb16efc3ede1	6.868967716835473e-4	9	NA	0.8605128205128205	0.8605128205128205	FALSE	Fungi	Ascomycota	Saccharomycetes	Saccharomycetales	Saccharomycetaceae	Lachancea	Lachancea_nothofagi
421a1900b2efe29f03bcb5ad6480dac7	0.03364084325872146	27	NA	0.5	0.5	FALSE	Fungi	Ascomycota	Dothideomycetes	Capnodiales	Cladosporiaceae	Davidiella	Davidiella_sp
b7d56027f65de48259ecde66b95a2247	0.04464114749669982	27	NA	0.5	0.5	FALSE	Fungi	Ascomycota	Dothideomycetes	Pleosporales	Pleosporaceae	Alternaria	Alternaria_sp
7fc45efdd1492660fe19601d532ab77c	0.06302026963901164	19	NA	0.8899145299145299	0.8899145299145299	FALSE	Fungi	Ascomycota	NA	NA	NA	NA	NA
d0517353a9baafe802cb212ca29fc8fb	0.004848666138777632	25	NA	0.8888888888888888	0.8888888888888888	FALSE	Fungi	Basidiomycota	Tremellomycetes	Tremellales	Bulleribasidiaceae	Vishniacozyma	Vishniacozyma_sp
8804f1f04c23588ce3c603613d998724	0.02220890242180611	1	NA	NA	NA	FALSE	Fungi	unidentified	unidentified	unidentified	unidentified	unidentified	Fungi_sp
370202fba42d769d2e2648003b69d66c	0.031498404584508796	1	NA	NA	NA	FALSE	Fungi	unidentified	unidentified	unidentified	unidentified	unidentified	Fungi_sp
bab5da95f1ce68ed5379abf24c120a96	0.08742138799746355	26	NA	0.9444444444444444	0.9444444444444444	FALSE	Fungi	Ascomycota	Eurotiomycetes	Eurotiales	Aspergillaceae	Penicillium	Penicillium_thomii
84cb32b42b7c9f9dfcad3396fc319ef8	0.013802208409839867	17	NA	0.8282051282051283	0.8282051282051283	FALSE	Fungi	Ascomycota	Eurotiomycetes	Eurotiales	Aspergillaceae	Penicillium	Penicillium_thomii
ddcaa3fb583a732e2170b14d6ae4f941	0.09420548966173618	15	NA	0.7555555555555555	0.7555555555555555	FALSE	Fungi	Ascomycota	Eurotiomycetes	Eurotiales	Aspergillaceae	Aspergillus	NA
07a55fd8a67f3aea6b729ca8c314c807	0.029147362264806135	1	NA	NA	NA	FALSE	Fungi	unidentified	unidentified	unidentified	unidentified	unidentified	Fungi_sp
b4bdd73d9b98551d4f681a35ab811447	0.04259865876257392	21	NA	0.9393162393162393	0.9393162393162393	FALSE	Fungi	Ascomycota	Leotiomycetes	Helotiales	Sclerotiniaceae	NA	NA
16c62b5cba1894ed94b16afefb96aece	0.01904010962364069	1	NA	NA	NA	FALSE	Fungi	unidentified	unidentified	unidentified	unidentified	unidentified	Fungi_sp
49808e2a4e6b8716780f3bee66548f97	0.019483975831976672	1	NA	NA	NA	FALSE	Fungi	unidentified	unidentified	unidentified	unidentified	unidentified	Fungi_sp
ffcd2850f6f2926096bde05f759db0ee	0.04539445392731265	23	NA	0.9993162393162394	0.9993162393162394	FALSE	Fungi	Ascomycota	Saccharomycetes	Saccharomycetales	Saccharomycetales_fam_Incertae_sedis	Starmerella	NA
602084ce4b4756b6724ef6480fc17e56	0.04235482812948812	15	NA	0.9623931623931624	0.9623931623931624	FALSE	Fungi	Ascomycota	Eurotiomycetes	Eurotiales	Aspergillaceae	Aspergillus	Aspergillus_welwitschiae
89ecd7ee4e4373848b784261416f8ed5	0	0	NA	NA	NA	FALSE	Fungi	unidentified	unidentified	unidentified	unidentified	unidentified	Fungi_sp
93e7b5562323a2bd30d05e49f218f945	0.012578401408702842	1	NA	NA	NA	FALSE	Fungi	unidentified	unidentified	unidentified	unidentified	unidentified	Fungi_sp
177902b225996bda1395a810bb5a723c	0.013727866153046752	1	NA	NA	NA	FALSE	Fungi	unidentified	unidentified	unidentified	unidentified	unidentified	Fungi_sp
df4267d609a8715be86951b8f80e4efe	0.0012926799686097908	3	NA	0.654017094017094	0.654017094017094	FALSE	Fungi	Ascomycota	Saccharomycetes	Saccharomycetales	Saccharomycetaceae	Saccharomyces	Saccharomyces_cerevisiae
4c69d3a4d308e8978e878f4065be2815	0.015608979654673137	27	NA	0.5	0.5	FALSE	Fungi	Ascomycota	Dothideomycetes	Capnodiales	Cladosporiaceae	Cladosporium	NA
4e51edddf0b2c825a56b26502e536c15	0.0014321706384868363	9	NA	0.8605128205128205	0.8605128205128205	FALSE	Fungi	Ascomycota	Saccharomycetes	Saccharomycetales	Saccharomycodaceae	Hanseniaspora	Hanseniaspora_uvarum
47a4d9e186ff55711d747f5dda0d40ef	0.0019225805370317987	10	NA	0.8837606837606838	0.8837606837606838	FALSE	Fungi	Ascomycota	Saccharomycetes	Saccharomycetales	Saccharomycetaceae	Saccharomyces	Saccharomyces_cerevisiae
3052e78a256c7b821980f0f5a9493d93	0.003624863702380599	24	NA	0.9873504273504273	0.9873504273504273	FALSE	Fungi	Basidiomycota	Microbotryomycetes	Sporidiobolales	Sporidiobolaceae	Rhodotorula	Rhodotorula_mucilaginosa
0552676976f16297d9fb3bfec1d1849c	0.00816272693549595	20	NA	0.617094017094017	0.617094017094017	FALSE	Fungi	Ascomycota	Dothideomycetes	Capnodiales	Cladosporiaceae	Cladosporium	Cladosporium_tenuissimum
c0d22e9c7f86b69bf18761cfa3f7d95d	0.009796169924623014	1	NA	NA	NA	FALSE	Fungi	unidentified	unidentified	unidentified	unidentified	unidentified	Fungi_sp
bfa719ecd8f608e740c431190e8b7da7	0.007843004815887015	10	NA	0.8837606837606838	0.8837606837606838	FALSE	Fungi	NA	NA	NA	NA	NA	NA
b7685df725aa7f59ae221e27d78051b6	0	0	NA	NA	NA	FALSE	Fungi	unidentified	unidentified	unidentified	unidentified	unidentified	Fungi_sp
5020b82152440c98e5a891382cdb7bb1	0.006390033560254998	1	NA	NA	NA	FALSE	Fungi	unidentified	unidentified	unidentified	unidentified	unidentified	Fungi_sp
c7cc8f695faa301218beedc7885ddc71	0.002550618593811237	21	NA	0.6700854700854701	0.6700854700854701	FALSE	Fungi	Basidiomycota	Tremellomycetes	Filobasidiales	Filobasidiaceae	Filobasidium	Filobasidium_oeirense
19303a248f6b1dab320f219d1489c105	0.0067997421206923815	1	NA	NA	NA	FALSE	Fungi	unidentified	unidentified	unidentified	unidentified	unidentified	Fungi_sp
25bf23ce223d8009553d42090d939c1a	0	0	NA	NA	NA	FALSE	Fungi	unidentified	unidentified	unidentified	unidentified	unidentified	Fungi_sp
88b9dd9554cd1089baab16cdfeb48256	0.004026505129786908	9	NA	0.8605128205128205	0.8605128205128205	FALSE	Fungi	NA	NA	NA	NA	NA	NA
608e8d3cc0fa20a8cffd8f7c1351ede1	0.0022702267829218846	1	NA	NA	NA	FALSE	Fungi	unidentified	unidentified	unidentified	unidentified	unidentified	Fungi_sp
e6529a1439ec06bde4f5039196efea8c	0.013019221093391976	17	NA	0.9794871794871796	0.9794871794871796	FALSE	Fungi	NA	NA	NA	NA	NA	NA
e45ac104f6afda861b79e337ca06b84e	0.0035373304005908352	1	NA	NA	NA	FALSE	Fungi	unidentified	unidentified	unidentified	unidentified	unidentified	Fungi_sp
a980137b4e785bf52eb215aa045e6288	0.003655344875943047	9	NA	0.8605128205128205	0.8605128205128205	FALSE	Fungi	Ascomycota	Eurotiomycetes	Eurotiales	Aspergillaceae	Penicillium	Penicillium_thomii
0d3f9842cdee52e458b21b55bbbc6f4b	0.004629000689318581	1	NA	NA	NA	FALSE	Fungi	unidentified	unidentified	unidentified	unidentified	unidentified	Fungi_sp
b5af1dda7c9121e71bcb996b57f1cffb	0.010084027816122542	15	NA	0.7555555555555555	0.7555555555555555	FALSE	Fungi	Ascomycota	Leotiomycetes	Helotiales	Sclerotiniaceae	NA	NA
aacd16926223a65deaa70c20999e65d5	0.00840953805646546	26	NA	0.9444444444444444	0.9444444444444444	FALSE	Fungi	Ascomycota	Eurotiomycetes	Eurotiales	Aspergillaceae	Penicillium	Penicillium_salamorum
a58acd8287f21cb3f7771987200cdce1	0.0018818214027881005	1	NA	NA	NA	FALSE	Fungi	unidentified	unidentified	unidentified	unidentified	unidentified	Fungi_sp
ddbf15aa376deb2a2a7b387d66b1b024	0	0	NA	NA	NA	FALSE	Fungi	unidentified	unidentified	unidentified	unidentified	unidentified	Fungi_sp
f9a66e12f4ff7de88163a852793f6d6a	0	0	NA	NA	NA	FALSE	Fungi	Ascomycota	Saccharomycetes	Saccharomycetales	Saccharomycetales_fam_Incertae_sedis	Candida	Candida_albicans
66386b84a6f71b294b2e7ff399b92699	0	0	NA	NA	NA	FALSE	Fungi	unidentified	unidentified	unidentified	unidentified	unidentified	Fungi_sp
3b7e7f3bf14dafec3c3e7d5477ae544b	0.002726302588429572	1	NA	NA	NA	FALSE	Fungi	unidentified	unidentified	unidentified	unidentified	unidentified	Fungi_sp
f22bc929ca9dd5fa1f11470b4b6f2c46	0	0	NA	NA	NA	FALSE	Fungi	unidentified	unidentified	unidentified	unidentified	unidentified	Fungi_sp
d42df8a0a419616178d513b204b1118c	0.0026380223141375665	1	NA	NA	NA	FALSE	Fungi	unidentified	unidentified	unidentified	unidentified	unidentified	Fungi_sp
ef6058a481223b596e54c740a320a13e	0	0	NA	NA	NA	FALSE	Fungi	unidentified	unidentified	unidentified	unidentified	unidentified	Fungi_sp
9700b4c25c84dd1a00535119d66a84f1	0.0021563511366036454	1	NA	NA	NA	FALSE	Fungi	Ascomycota	Eurotiomycetes	Eurotiales	Aspergillaceae	Penicillium	Penicillium_salamorum
db48f2091a3d52a1ff18fa504158f6d3	0	0	NA	NA	NA	FALSE	Fungi	Ascomycota	Saccharomycetes	Saccharomycetales	Saccharomycetales_fam_Incertae_sedis	Candida	Candida_albicans
5f0db78d4cf30baefcabed85bcd89bf6	4.795990551898613e-5	1	NA	NA	NA	FALSE	Fungi	Basidiomycota	Microbotryomycetes	Sporidiobolales	Sporidiobolaceae	Sporobolomyces	Sporobolomyces_roseus
c6cf41591e3b2380e2cc01563ed926d1	0.002512316237806434	1	NA	NA	NA	FALSE	Fungi	unidentified	unidentified	unidentified	unidentified	unidentified	Fungi_sp
026d4ecd661069a67b9e233953f81fea	0.002230135606632855	1	NA	NA	NA	FALSE	Fungi	Ascomycota	Dothideomycetes	Pleosporales	Pleosporaceae	Alternaria	Alternaria_sp
855a4004ba3d545512a1343b32c2cc5a	0	0	NA	NA	NA	FALSE	Fungi	unidentified	unidentified	unidentified	unidentified	unidentified	Fungi_sp
3dda04dc70267678478b55d203685692	0.001997557579077921	1	NA	NA	NA	FALSE	Fungi	unidentified	unidentified	unidentified	unidentified	unidentified	Fungi_sp
aab38227cbc4237fa21133fcfa21e8e8	0	0	NA	NA	NA	FALSE	Fungi	unidentified	unidentified	unidentified	unidentified	unidentified	Fungi_sp
b6c7c00f9c1d87b346dd056479207a39	0	0	NA	NA	NA	FALSE	Fungi	Basidiomycota	Tremellomycetes	Tremellales	Bulleribasidiaceae	Vishniacozyma	Vishniacozyma_sp
33a8b588d7462adb3e7355b51c113f6f	0	0	NA	NA	NA	FALSE	Fungi	unidentified	unidentified	unidentified	unidentified	unidentified	Fungi_sp
1c25cb776814aeb7eb7ae9af17f7ecac	0	0	NA	NA	NA	FALSE	Fungi	Ascomycota	Dothideomycetes	Capnodiales	Cladosporiaceae	Cladosporium	NA
ae7cb677fb9caa97366e3c71867b5c8a	0.0013442566390980137	1	NA	NA	NA	FALSE	Fungi	unidentified	unidentified	unidentified	unidentified	unidentified	Fungi_sp
9d2b8da20b15396df88fd1c3664cf4e6	0	0	NA	NA	NA	FALSE	Fungi	unidentified	unidentified	unidentified	unidentified	unidentified	Fungi_sp
d2dffdd1b0582ccfeab2e566646b60d6	5.147229032966469e-4	11	NA	0.9042735042735043	0.9042735042735043	FALSE	Fungi	Basidiomycota	Microbotryomycetes	Sporidiobolales	Sporidiobolaceae	Rhodotorula	Rhodotorula_babjevae
e160f8370ae3606d584f414d3c2c8e31	0	0	NA	NA	NA	FALSE	Fungi	unidentified	unidentified	unidentified	unidentified	unidentified	Fungi_sp
d54fcf80c7ce495a61d33f7e83011f31	0	0	NA	NA	NA	FALSE	Fungi	unidentified	unidentified	unidentified	unidentified	unidentified	Fungi_sp
bef0b791e6f1b5aed49e6f39976c477c	0.0017019857261653462	1	NA	NA	NA	FALSE	Fungi	unidentified	unidentified	unidentified	unidentified	unidentified	Fungi_sp
7a9263c263bb8dc636e2e5d8203b76a2	0.00153610783125747	1	NA	NA	NA	FALSE	Fungi	unidentified	unidentified	unidentified	unidentified	unidentified	Fungi_sp
d2ab55d0edd6ee728e53e38fa7765954	0	0	NA	NA	NA	FALSE	Fungi	unidentified	unidentified	unidentified	unidentified	unidentified	Fungi_sp
5424e6409e122f6824fca8215407799c	8.039422711702936e-5	7	NA	0.8051282051282052	0.8051282051282052	FALSE	Fungi	Ascomycota	Saccharomycetes	Saccharomycetales	Debaryomycetaceae	Debaryomyces	Debaryomyces_delbrueckii
1f416a8c7c0a37bc257300b1400b81d6	0	0	NA	NA	NA	FALSE	Fungi	unidentified	unidentified	unidentified	unidentified	unidentified	Fungi_sp
aa49ba529915055ded324c32e84f926e	0.002138529076964247	17	NA	0.8282051282051283	0.8282051282051283	FALSE	Fungi	Basidiomycota	Tremellomycetes	Tremellales	Rhynchogastremataceae	Papiliotrema	Papiliotrema_ruineniae
0a178a17730787ef0c5b078efded9272	0	0	NA	NA	NA	FALSE	Fungi	Ascomycota	Eurotiomycetes	Chaetothyriales	Herpotrichiellaceae	Capronia	Capronia_leucadendri
566ad32aabe48dfcdefbef9ada2a4346	0	0	NA	NA	NA	FALSE	Fungi	unidentified	unidentified	unidentified	unidentified	unidentified	Fungi_sp
162d20bc05a23014afe369eb531fe37e	2.603607453043458e-4	4	NA	0.6972649572649572	0.6972649572649572	FALSE	Fungi	Ascomycota	Saccharomycetes	Saccharomycetales	Saccharomycodaceae	Hanseniaspora	Hanseniaspora_uvarum
bd768078e5ecd8dac6e4f2e32978abef	0	0	NA	NA	NA	FALSE	Fungi	unidentified	unidentified	unidentified	unidentified	unidentified	Fungi_sp
6dfd665db4cbbe8e7692a4884b021424	0.0012923555787885891	10	NA	0.8837606837606838	0.8837606837606838	FALSE	Fungi	Ascomycota	Saccharomycetes	Saccharomycetales	Saccharomycodaceae	Hanseniaspora	Hanseniaspora_guilliermondii
323fc4ceb008a7e5fdc35f7018f8e6de	0	0	NA	NA	NA	FALSE	Fungi	Basidiomycota	Tremellomycetes	Tremellales	Bulleribasidiaceae	Vishniacozyma	Vishniacozyma_victoriae
2ea477aee84f1700d6313736e4c422d3	0.001495288242796429	1	NA	NA	NA	FALSE	Fungi	unidentified	unidentified	unidentified	unidentified	unidentified	Fungi_sp
ffc1921427acf29a281d1c06dc7defdd	0	0	NA	NA	NA	FALSE	Fungi	unidentified	unidentified	unidentified	unidentified	unidentified	Fungi_sp
cbadf2302deb8a86378c51bd4f030ec6	1.2716834136813787e-4	3	NA	0.654017094017094	0.654017094017094	FALSE	Fungi	Ascomycota	Eurotiomycetes	Eurotiales	Aspergillaceae	Penicillium	Penicillium_thomii
29ea4e13c0c84fe8abad8dae5c3393c7	0.0014610457627645527	1	NA	NA	NA	FALSE	Fungi	unidentified	unidentified	unidentified	unidentified	unidentified	Fungi_sp
7bc7be49481f0e8db7e0af0a4f42af78	0.0018901273690092686	1	NA	NA	NA	FALSE	Fungi	Ascomycota	Leotiomycetes	Erysiphales	Erysiphaceae	Erysiphe	Erysiphe_necator
3169f9155fe217e2d55568d8fadbe18f	4.1680225172263756e-5	3	NA	0.654017094017094	0.654017094017094	FALSE	Fungi	Basidiomycota	Microbotryomycetes	Sporidiobolales	Sporidiobolaceae	Sporobolomyces	Sporobolomyces_roseus
c9035b15d0ca78bf573fc258cc781133	0	0	NA	NA	NA	FALSE	Fungi	unidentified	unidentified	unidentified	unidentified	unidentified	Fungi_sp
5e57b2f83a70f69e5189c59659a9b0d4	0.0018890073704873763	18	NA	0.9856410256410256	0.9856410256410256	FALSE	Fungi	Ascomycota	Eurotiomycetes	Eurotiales	Aspergillaceae	Penicillium	NA
61a521d8a776f880ee7c996fccad1809	0	0	NA	NA	NA	FALSE	Fungi	unidentified	unidentified	unidentified	unidentified	unidentified	Fungi_sp
f54d5d090b3d47c8febbbe68764abde5	0.0015786977548686088	1	NA	NA	NA	FALSE	Fungi	unidentified	unidentified	unidentified	unidentified	unidentified	Fungi_sp
93ae314e85d0dec7a715848fb807d505	0	0	NA	NA	NA	FALSE	Fungi	unidentified	unidentified	unidentified	unidentified	unidentified	Fungi_sp
50f045463d25f60a973dd53ca09cae0e	4.875046952296466e-4	1	NA	NA	NA	FALSE	Fungi	unidentified	unidentified	unidentified	unidentified	unidentified	Fungi_sp
7dec430e39e51781bc9860e7691ff468	0	0	NA	NA	NA	FALSE	Fungi	Ascomycota	Saccharomycetes	Saccharomycetales	Saccharomycodaceae	Hanseniaspora	NA
da923120cd63a456c32e59dfa51e4a84	0	0	NA	NA	NA	FALSE	Fungi	Ascomycota	Sordariomycetes	Hypocreales	Ophiocordycipitaceae	Hirsutella	Hirsutella_lecaniicola
1c2b7787518f05e99fba87ad3dd87126	0.0010574020138580924	1	NA	NA	NA	FALSE	Fungi	unidentified	unidentified	unidentified	unidentified	unidentified	Fungi_sp
4aef1fa2d8a73a8ee276405c258495ff	0	0	NA	NA	NA	FALSE	Fungi	Ascomycota	Dothideomycetes	Dothideales	Saccotheciaceae	Aureobasidium	NA
461ad2c4daf26912c3dcc6b43821a100	4.102498528162054e-4	1	NA	NA	NA	FALSE	Fungi	unidentified	unidentified	unidentified	unidentified	unidentified	Fungi_sp
32a98fe1788af6f411f1ef08f4dd02bc	6.629675500752546e-4	1	NA	NA	NA	FALSE	Fungi	unidentified	unidentified	unidentified	unidentified	unidentified	Fungi_sp
44b7c95794257de315f9a5db78d08397	0	0	NA	NA	NA	FALSE	Fungi	unidentified	unidentified	unidentified	unidentified	unidentified	Fungi_sp
8f36387fecf444a7825281b52ed5dd68	0	0	NA	NA	NA	FALSE	Fungi	unidentified	unidentified	unidentified	unidentified	unidentified	Fungi_sp
38873758fe75fdd4d13d1a757ccc5ac9	1.2048483095978216e-4	1	NA	NA	NA	FALSE	Fungi	Ascomycota	Dothideomycetes	Pleosporales	Pleosporaceae	Stemphylium	Stemphylium_vesicarium
510e6d180dec38240cfaf0db0d6cfad9	0	0	NA	NA	NA	FALSE	Fungi	unidentified	unidentified	unidentified	unidentified	unidentified	Fungi_sp
607eec00d5e981f926007cb6e0e63322	0	0	NA	NA	NA	FALSE	Fungi	Ascomycota	Saccharomycetes	Saccharomycetales	Saccharomycodaceae	Hanseniaspora	NA
b174fb385fe9c10a829ae3239e3040d0	6.734393067060018e-4	15	NA	0.9623931623931624	0.9623931623931624	FALSE	Fungi	Basidiomycota	Microbotryomycetes	Sporidiobolales	Sporidiobolaceae	Rhodosporidiobolus	Rhodosporidiobolus_ruineniae
79c4598cf4251608a99e337a7aa6461b	0	0	NA	NA	NA	FALSE	Fungi	Ascomycota	Saccharomycetes	Saccharomycetales	Saccharomycetales_fam_Incertae_sedis	Candida	Candida_albicans
1d4a26fecd831d76fbc3818391b339d5	0	0	NA	NA	NA	FALSE	Fungi	unidentified	unidentified	unidentified	unidentified	unidentified	Fungi_sp
c713845ec0c130ba99f288c8350a7990	0	0	NA	NA	NA	FALSE	Fungi	unidentified	unidentified	unidentified	unidentified	unidentified	Fungi_sp
c02609b7d126990b6b8fce7491746485	0	0	NA	NA	NA	FALSE	Fungi	unidentified	unidentified	unidentified	unidentified	unidentified	Fungi_sp
a29752fe542c6c2b4e38098e07758fcb	0	0	NA	NA	NA	FALSE	Fungi	unidentified	unidentified	unidentified	unidentified	unidentified	Fungi_sp
4a1d86177778173c2896d1b8c8f39624	2.348359407314193e-4	3	NA	0.654017094017094	0.654017094017094	FALSE	Fungi	Basidiomycota	Tremellomycetes	Tremellales	NA	NA	NA
7ae90418b22eaf869b260e8f6cde99c9	5.488509026187906e-4	7	NA	0.8051282051282052	0.8051282051282052	FALSE	Fungi	Ascomycota	Saccharomycetes	Saccharomycetales	Saccharomycetaceae	Saccharomyces	Saccharomyces_cerevisiae
faa622a84b24d0d800e03617f1493ff8	5.581775803411283e-4	7	NA	0.8051282051282052	0.8051282051282052	FALSE	Fungi	Basidiomycota	Wallemiomycetes	Wallemiales	Wallemiaceae	Wallemia	Wallemia_sp
171942f7dd9d965e2217792d9c66eeea	0	0	NA	NA	NA	FALSE	Fungi	Basidiomycota	Tremellomycetes	Tremellales	NA	NA	NA
9d3f1f5a47b46d7fc7e3461178ad899c	5.371728797941388e-4	1	NA	NA	NA	FALSE	Fungi	unidentified	unidentified	unidentified	unidentified	unidentified	Fungi_sp
a5bd4bf47671a70add007b3af1a2e433	4.3707390703394725e-4	1	NA	NA	NA	FALSE	Fungi	unidentified	unidentified	unidentified	unidentified	unidentified	Fungi_sp
a0f6bc5e1d8d99a061e011514c34afc0	9.244127502930058e-4	1	NA	NA	NA	FALSE	Fungi	Ascomycota	Dothideomycetes	Mycosphaerellales	Teratosphaeriaceae	Phaeothecoidea	Phaeothecoidea_intermedia
84c0e19dc9c174defa2a16f7fcad7b96	0	0	NA	NA	NA	FALSE	Fungi	unidentified	unidentified	unidentified	unidentified	unidentified	Fungi_sp
10f1c230c7a38bb72defb9e186f98f16	3.0679291046014425e-4	5	NA	0.7367521367521367	0.7367521367521367	FALSE	Fungi	Ascomycota	Sordariomycetes	Coniochaetales	Coniochaetaceae	Coniochaeta	Coniochaeta_rhopalochaeta
1201e6cb42037d480766999934ca85c2	7.082750941179674e-4	8	NA	0.8343589743589744	0.8343589743589744	FALSE	Fungi	NA	NA	NA	NA	NA	NA
9df8f7daeb05b02e088fe30feb6e86ad	0	0	NA	NA	NA	FALSE	Fungi	unidentified	unidentified	unidentified	unidentified	unidentified	Fungi_sp
3b92ebecac10057e82e93db3baa3953c	0	0	NA	NA	NA	FALSE	Fungi	unidentified	unidentified	unidentified	unidentified	unidentified	Fungi_sp
b7d762e0025e48eb51a633acd1049d0c	2.5574016798932287e-5	1	NA	NA	NA	FALSE	Fungi	Ascomycota	Dothideomycetes	Pleosporales	Pleosporaceae	Alternaria	Alternaria_sp
a2ee02c79ff9d96f67294d445b78e9ea	3.798391943864163e-4	4	NA	0.6972649572649572	0.6972649572649572	FALSE	Fungi	Basidiomycota	Microbotryomycetes	Sporidiobolales	Sporidiobolaceae	Rhodotorula	Rhodotorula_mucilaginosa
f7c6b73823f2c8fdec7042194083adf7	9.64843335049791e-5	5	NA	0.7367521367521367	0.7367521367521367	FALSE	Fungi	Basidiomycota	Microbotryomycetes	Microbotryomycetes_ord_Incertae_sedis	Microbotryomycetes_fam_Incertae_sedis	Curvibasidium	NA
76cd35a6cca9290679ac570235ee8c6a	5.037420840529648e-4	1	NA	NA	NA	FALSE	Fungi	unidentified	unidentified	unidentified	unidentified	unidentified	Fungi_sp
619a6d04f4081ede21577478a85e1bff	8.070270042240527e-4	1	NA	NA	NA	FALSE	Fungi	unidentified	unidentified	unidentified	unidentified	unidentified	Fungi_sp
1be5939aa547582a37d1a00a7ca8b6d5	9.086985472787691e-5	2	NA	0.6068376068376069	0.6068376068376069	FALSE	Fungi	Basidiomycota	Wallemiomycetes	Wallemiales	Wallemiaceae	Wallemia	Wallemia_sp
fa69b8049b903f629a2d0ac7c13ce1f7	7.905196336831061e-4	1	NA	NA	NA	FALSE	Fungi	Basidiomycota	Tremellomycetes	NA	NA	NA	NA
9fd1f1168969e4a6b91249e4dda7c5ed	8.075847276439854e-4	15	NA	0.9623931623931624	0.9623931623931624	FALSE	Fungi	Ascomycota	Saccharomycetes	Saccharomycetales	Debaryomycetaceae	Meyerozyma	Meyerozyma_carpophila
95252c9b9bb42b6ee80fb325d5e8208c	0	0	NA	NA	NA	FALSE	Fungi	unidentified	unidentified	unidentified	unidentified	unidentified	Fungi_sp
94d01651922a35ad26607986947277ef	3.5485208293845223e-4	1	NA	NA	NA	FALSE	Fungi	unidentified	unidentified	unidentified	unidentified	unidentified	Fungi_sp
1dd077eb9b721ef5883f134efccf6c3a	5.132152938157557e-4	1	NA	NA	NA	FALSE	Fungi	unidentified	unidentified	unidentified	unidentified	unidentified	Fungi_sp
67c818f60ca9a6047f8b34348492b095	8.787781662456094e-4	18	NA	0.9856410256410256	0.9856410256410256	FALSE	Fungi	Ascomycota	Sordariomycetes	Hypocreales	NA	NA	NA
2d4e563b330427d410d04e41d04b6276	0	0	NA	NA	NA	FALSE	Fungi	Ascomycota	Eurotiomycetes	Eurotiales	Aspergillaceae	Penicillium	NA
8a90aed63c47f400ce978b06c815deb2	0	0	NA	NA	NA	FALSE	Fungi	unidentified	unidentified	unidentified	unidentified	unidentified	Fungi_sp
3749d80b8cb1ee019b583fbdf69a4aaa	0	0	NA	NA	NA	FALSE	Fungi	Basidiomycota	Tremellomycetes	Tremellales	Bulleribasidiaceae	Vishniacozyma	Vishniacozyma_sp
36ee999c13f175df26641977ce00ef57	6.575609495580656e-4	1	NA	NA	NA	FALSE	Fungi	unidentified	unidentified	unidentified	unidentified	unidentified	Fungi_sp
4ecf4866fe711b0105709bf207c57a14	3.6062159726776106e-4	1	NA	NA	NA	FALSE	Fungi	Ascomycota	Dothideomycetes	Pleosporales	Pleosporaceae	Alternaria	Alternaria_sp
b906477a2b7cdea000908c74f47ca1e9	4.2041757976109774e-5	1	NA	NA	NA	FALSE	Fungi	Basidiomycota	Tremellomycetes	Holtermanniales	Holtermanniaceae	Holtermannia	Holtermannia_saccardoi
8dfdffdc15523e5b07121e66fbaca8ee	0	0	NA	NA	NA	FALSE	Fungi	unidentified	unidentified	unidentified	unidentified	unidentified	Fungi_sp
2031460faca812f0c0cb4713dd3adcf9	0	0	NA	NA	NA	FALSE	Fungi	Ascomycota	Saccharomycetes	Saccharomycetales	Saccharomycetales_fam_Incertae_sedis	Candida	Candida_tropicalis
51cee5a56c85275d4df4022ad26a85a8	1.886083738921256e-4	1	NA	NA	NA	FALSE	Fungi	unidentified	unidentified	unidentified	unidentified	unidentified	Fungi_sp
fd52abf6e3a706079fa822aea3865190	1.8487882977561465e-4	1	NA	NA	NA	FALSE	Fungi	unidentified	unidentified	unidentified	unidentified	unidentified	Fungi_sp
8ab7f1fda3312b58f040edd94e40fd67	3.51807002215542e-4	2	NA	0.6068376068376069	0.6068376068376069	FALSE	Fungi	Ascomycota	Eurotiomycetes	Eurotiales	Aspergillaceae	Aspergillus	NA
4aa3ad3ecd472fdd7f58f8b1eb109711	0	0	NA	NA	NA	FALSE	Fungi	unidentified	unidentified	unidentified	unidentified	unidentified	Fungi_sp
d5e330e52ccf54c0cdcc3289aa145f3d	1.8328045372568137e-4	1	NA	NA	NA	FALSE	Fungi	unidentified	unidentified	unidentified	unidentified	unidentified	Fungi_sp
6f025465df13c09a27e114fc393944fa	5.333931888065955e-4	16	NA	0.793162393162393	0.793162393162393	FALSE	Fungi	Ascomycota	Saccharomycetes	Saccharomycetales	Trichomonascaceae	Zygoascus	Zygoascus_meyerae
52bf5731cc9a0958d578002981646838	2.7340812998603663e-4	1	NA	NA	NA	FALSE	Fungi	unidentified	unidentified	unidentified	unidentified	unidentified	Fungi_sp
9f64bac3bc13d46eb7ced3a32438aa8c	2.6047756409491114e-4	4	NA	0.6972649572649572	0.6972649572649572	FALSE	Fungi	Basidiomycota	Microbotryomycetes	Sporidiobolales	Sporidiobolaceae	Rhodotorula	Rhodotorula_mucilaginosa
9aa2ae2becbad90c9f2c297c9807cf22	3.1965607306690834e-5	2	NA	0.6068376068376069	0.6068376068376069	FALSE	Fungi	Ascomycota	Dothideomycetes	Botryosphaeriales	Botryosphaeriaceae	Neofusicoccum	Neofusicoccum_australe
f48fc6f0985a304bbbeedf8444da2a57	2.8215068058033027e-4	1	NA	NA	NA	FALSE	Fungi	unidentified	unidentified	unidentified	unidentified	unidentified	Fungi_sp
2cf4478a15eadce3162be7b33f605c64	0	0	NA	NA	NA	FALSE	Fungi	unidentified	unidentified	unidentified	unidentified	unidentified	Fungi_sp
6596da10092661639cd60dfcc02a83a2	5.502456846982177e-4	1	NA	NA	NA	FALSE	Fungi	NA	NA	NA	NA	NA	NA
cb2f346f1641145aa62920e630b30f53	0	0	NA	NA	NA	FALSE	Fungi	Ascomycota	Saccharomycetes	Saccharomycetales	Saccharomycodaceae	Hanseniaspora	Hanseniaspora_uvarum
14bc21768ba25c8a70de907e7370c597	3.9465805987719645e-4	1	NA	NA	NA	FALSE	Fungi	unidentified	unidentified	unidentified	unidentified	unidentified	Fungi_sp
d9b31e7f37b8d196107bd0174518fa74	0	0	NA	NA	NA	FALSE	Fungi	Basidiomycota	Tremellomycetes	Tremellales	Bulleribasidiaceae	Vishniacozyma	Vishniacozyma_psychrotolerans
c03f1121c68d1246afe53f512796ab92	0	0	NA	NA	NA	FALSE	Fungi	unidentified	unidentified	unidentified	unidentified	unidentified	Fungi_sp
8f8c65fc72f038b3d59e6427404f873e	9.697340887051499e-4	1	NA	NA	NA	FALSE	Fungi	unidentified	unidentified	unidentified	unidentified	unidentified	Fungi_sp
188ff5145521ad842f5d78d99400cf51	9.697340887051499e-4	1	NA	NA	NA	FALSE	Fungi	unidentified	unidentified	unidentified	unidentified	unidentified	Fungi_sp
c5bb7730129c0eacb6c77238080ad5f5	0	0	NA	NA	NA	FALSE	Fungi	Basidiomycota	Wallemiomycetes	Wallemiales	Wallemiaceae	Wallemia	Wallemia_sp
326413ea555f803cb9769fba9ec7a462	2.5362328547533377e-4	1	NA	NA	NA	FALSE	Fungi	unidentified	unidentified	unidentified	unidentified	unidentified	Fungi_sp
67fe6f2d4ed5f7f72dc2b3c6039eb752	5.117284867693425e-4	1	NA	NA	NA	FALSE	Fungi	Ascomycota	Dothideomycetes	Pleosporales	Neocamarosporiaceae	Neocamarosporium	Neocamarosporium_leipoldtiae
e02dff7467f84481ea04a3a928cacbde	5.080601822046877e-4	1	NA	NA	NA	FALSE	Fungi	Ascomycota	Dothideomycetes	Pleosporales	Pleosporaceae	Alternaria	NA
be29a5fc478c7868325ff640b52fa775	2.703137396419154e-6	1	NA	NA	NA	FALSE	Fungi	Ascomycota	Saccharomycetes	Saccharomycetales	Pichiaceae	Nakazawaea	Nakazawaea_ishiwadae
aa58291c9bef3425c582569005f5c726	0	0	NA	NA	NA	FALSE	Fungi	unidentified	unidentified	unidentified	unidentified	unidentified	Fungi_sp
6d9b99179fb9020fecd9b6e58d020c46	2.789166875854182e-4	1	NA	NA	NA	FALSE	Fungi	unidentified	unidentified	unidentified	unidentified	unidentified	Fungi_sp
a4277e8210730de29bb782932163aeba	0	0	NA	NA	NA	FALSE	Fungi	unidentified	unidentified	unidentified	unidentified	unidentified	Fungi_sp
507f1fc8314fd0a2ca96532171c34b8e	0	0	NA	NA	NA	FALSE	Fungi	unidentified	unidentified	unidentified	unidentified	unidentified	Fungi_sp
c801c20c144ab2f10bc9cfcf6d655359	3.132122749022627e-4	1	NA	NA	NA	FALSE	Fungi	unidentified	unidentified	unidentified	unidentified	unidentified	Fungi_sp
7d391de199fbb8d1399698153cb461f9	0	0	NA	NA	NA	FALSE	Fungi	Ascomycota	Sordariomycetes	Hypocreales	Hypocreales_fam_Incertae_sedis	Sarocladium	Sarocladium_kiliense
1b3fb94b92043d1576f6141a63e9b3c3	4.75906807600724e-5	1	NA	NA	NA	FALSE	Fungi	Ascomycota	Saccharomycetes	Saccharomycetales	Saccharomycodaceae	Hanseniaspora	Hanseniaspora_uvarum
abaaa8e218c9be9cf8e148732854150e	0	0	NA	NA	NA	FALSE	Fungi	Ascomycota	Saccharomycetes	Saccharomycetales	Phaffomycetaceae	Wickerhamomyces	Wickerhamomyces_anomalus
5b8534114c61be3fa0af6bfa24ad1820	0	0	NA	NA	NA	FALSE	Fungi	Ascomycota	Saccharomycetes	Saccharomycetales	Trichomonascaceae	Wickerhamiella	Wickerhamiella_sp
1c0fb5194fdc9dc2acd508fac94982d2	0	0	NA	NA	NA	FALSE	Fungi	Basidiomycota	Tremellomycetes	Tremellales	Tremellales_fam_Incertae_sedis	Cuniculitrema	Cuniculitrema_polymorpha
05e22f6145987cc2296513720400fca7	0	0	NA	NA	NA	FALSE	Fungi	Ascomycota	Leotiomycetes	Helotiales	Sclerotiniaceae	NA	NA
a0e72e75c9118f8eab7c899e46b8c5d2	3.6984138361711225e-5	2	NA	0.6068376068376069	0.6068376068376069	FALSE	Fungi	Basidiomycota	Microbotryomycetes	Sporidiobolales	Sporidiobolaceae	Rhodotorula	NA
53454db10ad02eabc5a82113cf641725	0	0	NA	NA	NA	FALSE	Fungi	Ascomycota	Saccharomycetes	Saccharomycetales	Saccharomycodaceae	Hanseniaspora	Hanseniaspora_uvarum
f999a4255d2b7eed91ab461daef8b239	1.7583782152534747e-5	3	NA	0.654017094017094	0.654017094017094	FALSE	Fungi	Ascomycota	Eurotiomycetes	Chaetothyriales	Herpotrichiellaceae	Exophiala	Exophiala_xenobiotica
b77c1606b06e535c0ff7f031e9884729	8.562281289554017e-4	1	NA	NA	NA	FALSE	Fungi	unidentified	unidentified	unidentified	unidentified	unidentified	Fungi_sp
88b9d1b021a922e9a8b7297de0e375dd	2.1280310237998574e-4	1	NA	NA	NA	FALSE	Fungi	unidentified	unidentified	unidentified	unidentified	unidentified	Fungi_sp
663ec419897589161e85de3c8a7bff64	0	0	NA	NA	NA	FALSE	Fungi	Basidiomycota	Microbotryomycetes	Microbotryomycetes_ord_Incertae_sedis	Microbotryomycetes_fam_Incertae_sedis	Curvibasidium	NA
b9bffc3cc00986e6fbe1cca0e263f338	3.246193557822925e-4	5	NA	0.7367521367521367	0.7367521367521367	FALSE	Fungi	Ascomycota	Sordariomycetes	Hypocreales	Nectriaceae	Fusarium	Fusarium_equiseti
f0916bc72b2da5b8cbe820df6bc485f3	0	0	NA	NA	NA	FALSE	Fungi	unidentified	unidentified	unidentified	unidentified	unidentified	Fungi_sp
2272d3de87c4b39c67789b0fd6c77a53	1.0496002727895126e-4	1	NA	NA	NA	FALSE	Fungi	unidentified	unidentified	unidentified	unidentified	unidentified	Fungi_sp
ded96cebca348e3b9a5df625ebf28431	0	0	NA	NA	NA	FALSE	Fungi	unidentified	unidentified	unidentified	unidentified	unidentified	Fungi_sp
edfd663a2a07f06b5113d3fef8a11c03	1.2262179409698683e-5	1	NA	NA	NA	FALSE	Fungi	Ascomycota	Dothideomycetes	Mycosphaerellales	Teratosphaeriaceae	Phaeothecoidea	Phaeothecoidea_intermedia
c2dce50db062712070f4c9141fdefed9	0	0	NA	NA	NA	FALSE	Fungi	Basidiomycota	Tremellomycetes	Tremellales	Bulleribasidiaceae	Vishniacozyma	Vishniacozyma_victoriae
6379985884ae9d13500afd627c92ad4c	3.4848893364220455e-4	1	NA	NA	NA	FALSE	Fungi	Ascomycota	Dothideomycetes	Capnodiales	Cladosporiaceae	Davidiella	Davidiella_sp
9908c6ade58e0137754143daca508637	2.3477772673914153e-4	1	NA	NA	NA	FALSE	Fungi	Ascomycota	Eurotiomycetes	Eurotiales	Aspergillaceae	Penicillium	NA
9b836fd66e907410d141e29068660c82	1.6098167665012708e-4	1	NA	NA	NA	FALSE	Fungi	unidentified	unidentified	unidentified	unidentified	unidentified	Fungi_sp
775c2d8cf36e71b2452e0abee1e835bf	0	0	NA	NA	NA	FALSE	Fungi	unidentified	unidentified	unidentified	unidentified	unidentified	Fungi_sp
bc894d51b43a6237dccef2db8ad975cf	0	0	NA	NA	NA	FALSE	Fungi	unidentified	unidentified	unidentified	unidentified	unidentified	Fungi_sp
c204e290fb74ee257f71c1cc3fa081dd	0	0	NA	NA	NA	FALSE	Fungi	Basidiomycota	Tremellomycetes	Tremellales	Bulleribasidiaceae	Vishniacozyma	NA
248f163d43635dacec712c42110aff6b	0	0	NA	NA	NA	FALSE	Fungi	Ascomycota	Eurotiomycetes	Eurotiales	Aspergillaceae	Aspergillus	Aspergillus_protuberus
2c0f8a17093fe4c3c5ff7edf65b59c2f	0	0	NA	NA	NA	FALSE	Fungi	unidentified	unidentified	unidentified	unidentified	unidentified	Fungi_sp
234036e494541c8cc92fa885643d8c35	0	0	NA	NA	NA	FALSE	Fungi	Ascomycota	Dothideomycetes	Pleosporales	Didymellaceae	Ascochyta	Ascochyta_medicaginicola_var._macrospora
dcd9b22b06562745b7fed3f68aaae331	0	0	NA	NA	NA	FALSE	Fungi	unidentified	unidentified	unidentified	unidentified	unidentified	Fungi_sp
41f07244838752befff640d65c4acfac	0	0	NA	NA	NA	FALSE	Fungi	Basidiomycota	Agaricomycetes	Russulales	unidentified	unidentified	Russulales_sp
380754f3c2aa77ca3ee4e9e22bbbe7af	3.9455926451487725e-5	2	NA	0.6068376068376069	0.6068376068376069	FALSE	Fungi	Basidiomycota	Microbotryomycetes	Sporidiobolales	Sporidiobolaceae	Rhodotorula	Rhodotorula_toruloides
a5136286ad88fe7f12c047ed81db9ab6	3.008009743016924e-4	1	NA	NA	NA	FALSE	Fungi	Ascomycota	Dothideomycetes	Pleosporales	Pleosporaceae	Alternaria	Alternaria_sp
0938bfa19760ef290ff1420dd38994c5	0	0	NA	NA	NA	FALSE	Fungi	unidentified	unidentified	unidentified	unidentified	unidentified	Fungi_sp
7c3fe7a2f4bbcf936a7d2fd4b2fdcfba	2.1856692505836274e-4	1	NA	NA	NA	FALSE	Fungi	NA	NA	NA	NA	NA	NA
2342ef3791bdb77bfd192148206ed419	0	0	NA	NA	NA	FALSE	Fungi	unidentified	unidentified	unidentified	unidentified	unidentified	Fungi_sp
806de0f331fdb125a934e9c22c603487	0	0	NA	NA	NA	FALSE	Fungi	unidentified	unidentified	unidentified	unidentified	unidentified	Fungi_sp
33442ddec23b45137f064b0bb4f8f551	5.902757602336754e-5	1	NA	NA	NA	FALSE	Fungi	Ascomycota	Dothideomycetes	Pleosporales	Pleosporaceae	Alternaria	Alternaria_infectoria
468f8dfb7415a02843ff1cff074b7a88	0	0	NA	NA	NA	FALSE	Fungi	unidentified	unidentified	unidentified	unidentified	unidentified	Fungi_sp
cfe19505a6641a7aec04d43a3b4b2b18	6.494097403188313e-4	1	NA	NA	NA	FALSE	Fungi	unidentified	unidentified	unidentified	unidentified	unidentified	Fungi_sp
9c571348c6842fc10d6d7794f236c5db	1.7933675101205327e-4	1	NA	NA	NA	FALSE	Fungi	unidentified	unidentified	unidentified	unidentified	unidentified	Fungi_sp
b5f9efe091ec0b9734dd54b753b6c3f5	6.163187981369799e-4	1	NA	NA	NA	FALSE	Fungi	unidentified	unidentified	unidentified	unidentified	unidentified	Fungi_sp
e8f8cd6b46dd0828ac8c998d86fa8977	6.082059141943096e-5	1	NA	NA	NA	FALSE	Fungi	Basidiomycota	Tremellomycetes	NA	NA	NA	NA
b1bb00e314ab1c5288c32c680d7cf3e4	2.714545377844541e-4	1	NA	NA	NA	FALSE	Fungi	Ascomycota	Dothideomycetes	Pleosporales	Coniothyriaceae	Neoconiothyrium	Neoconiothyrium_persooniae
8afff0a5fa9d32ac20e0daf4e8c991f6	0	0	NA	NA	NA	FALSE	Fungi	Basidiomycota	Tremellomycetes	Tremellales	Rhynchogastremataceae	Papiliotrema	Papiliotrema_flavescens
68003ab7608e19d8b0db69182bc88fd3	1.1051227176741062e-4	2	NA	0.6068376068376069	0.6068376068376069	FALSE	Fungi	Basidiomycota	Tremellomycetes	NA	NA	NA	NA
6da4ff8d463417b288fa9e0559028e12	1.1890474386949906e-4	3	NA	0.654017094017094	0.654017094017094	FALSE	Fungi	Basidiomycota	Tremellomycetes	Filobasidiales	Filobasidiaceae	Naganishia	Naganishia_diffluens
1d615183e514ec25d74f441b4e0d2640	0	0	NA	NA	NA	FALSE	Fungi	Basidiomycota	Tremellomycetes	Tremellales	Bulleribasidiaceae	Vishniacozyma	NA
83a1582680462af4f9d5e0bacecbda31	2.6044962409048974e-4	1	NA	NA	NA	FALSE	Fungi	NA	NA	NA	NA	NA	NA
d8df50827e9afbab7a50af8c51714449	0	0	NA	NA	NA	FALSE	Fungi	Ascomycota	Dothideomycetes	Mycosphaerellales	Teratosphaeriaceae	NA	NA
d3890569d32864c8d9ff336cbe2e304b	6.168146351340297e-5	1	NA	NA	NA	FALSE	Fungi	Basidiomycota	Tremellomycetes	NA	NA	NA	NA
2a382e769e371b5c6b6020555600e5f3	2.531130149611802e-4	1	NA	NA	NA	FALSE	Fungi	Ascomycota	Dothideomycetes	Mycosphaerellales	Teratosphaeriaceae	Devriesia	Devriesia_staurophora
cc0fb6c2e0ac766919d3ffaa60da1e46	4.17234105049534e-5	1	NA	NA	NA	FALSE	Fungi	Ascomycota	Dothideomycetes	Pleosporales	Sporormiaceae	Sporormiella	Sporormiella_minima
8393a83522f3cd760975d71e037ebec5	2.494447103965254e-4	1	NA	NA	NA	FALSE	Fungi	Ascomycota	Dothideomycetes	Mycosphaerellales	Teratosphaeriaceae	Xenoconiothyrium	Xenoconiothyrium_catenata
f73139582e85594a96c84c4da865914c	0	0	NA	NA	NA	FALSE	Fungi	Basidiomycota	Tremellomycetes	Tremellales	Bulleribasidiaceae	Vishniacozyma	NA
35b41a8bef4e7c3dd619c8821d3ea58d	4.795990551898613e-5	1	NA	NA	NA	FALSE	Fungi	Ascomycota	Dothideomycetes	Pleosporales	Pleosporaceae	Alternaria	Alternaria_botryospora
2a3a1f09361353a40c5729393f6bb75d	0	0	NA	NA	NA	FALSE	Fungi	Basidiomycota	Tremellomycetes	Tremellales	NA	NA	NA
b8102bf109b0b81918fcfcb0f0354be0	1.1788124536177486e-4	1	NA	NA	NA	FALSE	Fungi	unidentified	unidentified	unidentified	unidentified	unidentified	Fungi_sp
6069d184266d15fd9a042b06d96f198b	6.979575418041936e-5	1	NA	NA	NA	FALSE	Fungi	unidentified	unidentified	unidentified	unidentified	unidentified	Fungi_sp
a328de9e13e7b4505c596f47a0ecc8c9	0	0	NA	NA	NA	FALSE	Fungi	Ascomycota	Dothideomycetes	Pleosporales	Didymellaceae	Epicoccum	Epicoccum_sp
970993f54440d74f317d964a41d02066	0	0	NA	NA	NA	FALSE	Fungi	Ascomycota	Dothideomycetes	Pleosporales	Didymellaceae	Epicoccum	Epicoccum_sp
63fe9561f2cc4ddeccf8f17650bbcec5	2.3110318757325145e-4	1	NA	NA	NA	FALSE	Fungi	Ascomycota	Dothideomycetes	Capnodiales	Cladosporiaceae	Cladosporium	Cladosporium_tenuissimum
eef1a0556ffea2d01cd7f91c3080e827	0	0	NA	NA	NA	FALSE	Fungi	Basidiomycota	Cystobasidiomycetes	Cystobasidiomycetes_ord_Incertae_sedis	Buckleyzymaceae	Buckleyzyma	Buckleyzyma_aurantiaca
a5fe8a8f2a6688a7b416bfc15becdbdf	0	0	NA	NA	NA	FALSE	Fungi	Ascomycota	Dothideomycetes	Pleosporales	Didymosphaeriaceae	Didymosphaeria	Didymosphaeria_variabile
757e57ec93079507157fa48379ca57d7	0	0	NA	NA	NA	FALSE	Fungi	unidentified	unidentified	unidentified	unidentified	unidentified	Fungi_sp
d26599741f7b615db543c1565d6c7ca6	4.963641327277691e-4	1	NA	NA	NA	FALSE	Fungi	unidentified	unidentified	unidentified	unidentified	unidentified	Fungi_sp
856b7d5d8eab3cee6c50f43009f80af8	0	0	NA	NA	NA	FALSE	Fungi	Ascomycota	Saccharomycetes	Saccharomycetales	Saccharomycodaceae	Hanseniaspora	Hanseniaspora_uvarum
89f5d0e7d4f0237b799c16b1ddd1901d	2.1642996931463233e-4	1	NA	NA	NA	FALSE	Fungi	Ascomycota	Dothideomycetes	Pleosporales	Pleosporaceae	Alternaria	Alternaria_sp
5fe83c400d9a5ba9ed589b3b02ff85a0	2.1459581703230492e-4	1	NA	NA	NA	FALSE	Fungi	Ascomycota	Dothideomycetes	Capnodiales	Cladosporiaceae	Davidiella	Davidiella_sp
158a9c0302b8737650998229dd61b7a3	1.581335376905205e-4	1	NA	NA	NA	FALSE	Fungi	unidentified	unidentified	unidentified	unidentified	unidentified	Fungi_sp
9d0c61060dacd07f046a1e1d96937f8d	0	0	NA	NA	NA	FALSE	Fungi	Ascomycota	Dothideomycetes	Pleosporales	Didymellaceae	Epicoccum	Epicoccum_sp
fe1bf2c3509a778e44dbd6984c116193	1.0237595216552807e-4	1	NA	NA	NA	FALSE	Fungi	Ascomycota	Dothideomycetes	Myriangiales	unidentified	unidentified	Myriangiales_sp
ebb908abb8509c7d91a2060e77e93761	2.0359090333834057e-4	1	NA	NA	NA	FALSE	Fungi	Basidiomycota	Tremellomycetes	Filobasidiales	Piskurozymaceae	Solicoccozyma	Solicoccozyma_sp
de6aced25e7987de795ffb4cad7a0452	1.4336450953838863e-4	3	NA	0.654017094017094	0.654017094017094	FALSE	Fungi	Ascomycota	Eurotiomycetes	Eurotiales	Aspergillaceae	Aspergillus	NA
32423379c4da5025a4a159f923bcca5c	0	0	NA	NA	NA	FALSE	Fungi	Ascomycota	Dothideomycetes	Pleosporales	Phaeosphaeriaceae	NA	NA
0412405b3532118a55c0b9cac66c7cfa	5.8074329814242066e-5	1	NA	NA	NA	FALSE	Fungi	unidentified	unidentified	unidentified	unidentified	unidentified	Fungi_sp
e4e4992e269824b2eacc55d713b2fac4	0	0	NA	NA	NA	FALSE	Fungi	Ascomycota	Sordariomycetes	Hypocreales	Nectriaceae	Bisifusarium	Bisifusarium_domesticum
0a1216b162f4231783122326d8e04079	1.96254294209031e-4	1	NA	NA	NA	FALSE	Fungi	Ascomycota	Dothideomycetes	Pleosporales	Pleosporaceae	Pyrenophora	Pyrenophora_seminiperda
56a001a3a82249ec65c402340d67ee48	0	0	NA	NA	NA	FALSE	Fungi	Ascomycota	Dothideomycetes	Capnodiales	Cladosporiaceae	Cladosporium	NA
f1a85979cad400cbfeae014b27ebedba	0	0	NA	NA	NA	FALSE	Fungi	unidentified	unidentified	unidentified	unidentified	unidentified	Fungi_sp
d720645c1c214d8084e4275ec674fa4d	1.4326628201021517e-4	1	NA	NA	NA	FALSE	Fungi	unidentified	unidentified	unidentified	unidentified	unidentified	Fungi_sp
b6b33f80ba1f362f0fce90b1012dfb96	0	0	NA	NA	NA	FALSE	Fungi	Ascomycota	Eurotiomycetes	Eurotiales	Aspergillaceae	Penicillium	Penicillium_salamorum
a184799fc17e419d631a8a97638893e6	1.465968865486695e-5	1	NA	NA	NA	FALSE	Fungi	Ascomycota	Dothideomycetes	Pleosporales	Pleosporaceae	Alternaria	Alternaria_infectoria
5b54c5c00abaaffd4fc3de04c0c3fe99	0	0	NA	NA	NA	FALSE	Fungi	Ascomycota	Sordariomycetes	Hypocreales	Nectriaceae	Fusarium	NA
5111d3846fbd4fc6fd8c8b049cd43d7f	0	0	NA	NA	NA	FALSE	Fungi	Ascomycota	Dothideomycetes	Pleosporales	Pleosporaceae	Alternaria	NA
1214b3c00c1d1d04a7e078f0edef97c0	1.3313223359101426e-4	1	NA	NA	NA	FALSE	Fungi	Ascomycota	Dothideomycetes	Mycosphaerellales	Teratosphaeriaceae	Neocatenulostroma	Neocatenulostroma_microsporum
a2d0a654e4abeb1e0771ff64b4b338da	3.795457711936642e-4	3	NA	0.654017094017094	0.654017094017094	FALSE	Fungi	Ascomycota	Eurotiomycetes	Eurotiales	Aspergillaceae	Aspergillus	NA
f5c5847414346da034ff12479ae17039	1.0020340257698358e-4	1	NA	NA	NA	FALSE	Fungi	unidentified	unidentified	unidentified	unidentified	unidentified	Fungi_sp
b1c33d22105293b1b1ef9b1143b7c7e6	1.32402961953296e-4	6	NA	0.7726495726495728	0.7726495726495728	FALSE	Fungi	Ascomycota	Saccharomycetes	Saccharomycetales	Phaffomycetaceae	Wickerhamomyces	Wickerhamomyces_edaphicus
2bb8195b28084e83f0cd85cc549339c2	1.6690785769179272e-4	1	NA	NA	NA	FALSE	Fungi	Basidiomycota	Agaricomycetes	Polyporales	Meruliaceae	Phlebia	NA
04576a539a9ef90d34875720151b30ad	1.2569588893349064e-4	1	NA	NA	NA	FALSE	Fungi	unidentified	unidentified	unidentified	unidentified	unidentified	Fungi_sp
84096e200413fa2cc00cb8ce712c3a70	0	0	NA	NA	NA	FALSE	Fungi	Basidiomycota	Microbotryomycetes	Sporidiobolales	Sporidiobolaceae	Rhodotorula	Rhodotorula_mucilaginosa
d542b5341f1ff194f7ed319c9cf68c5d	1.6323955312713792e-4	1	NA	NA	NA	FALSE	Fungi	Ascomycota	Dothideomycetes	Pleosporales	Pleosporaceae	Stemphylium	Stemphylium_vesicarium
9ff313942b323d940cdf21f588a7d4ab	3.3039283708329206e-6	1	NA	NA	NA	FALSE	Fungi	Basidiomycota	Wallemiomycetes	Wallemiales	Wallemiaceae	Wallemia	Wallemia_sp
a112dd71e96724d212ed971ce57b59e9	8.425339442330253e-5	2	NA	0.6068376068376069	0.6068376068376069	FALSE	Fungi	Ascomycota	Saccharomycetes	Saccharomycetales	Saccharomycetaceae	Issatchenkia	Issatchenkia_orientalis
8a2dd1e306851e103b82bed5ed95381d	0	0	NA	NA	NA	FALSE	Fungi	Ascomycota	Dothideomycetes	Capnodiales	Cladosporiaceae	Davidiella	Davidiella_sp
953a759ebb2c649e9eeb50238f8b04ba	1.00519962350705e-4	1	NA	NA	NA	FALSE	Fungi	unidentified	unidentified	unidentified	unidentified	unidentified	Fungi_sp
adbab7f7c416acaabc4948712ff923cc	1.0691985287828244e-4	1	NA	NA	NA	FALSE	Fungi	unidentified	unidentified	unidentified	unidentified	unidentified	Fungi_sp
62370b3a2fbbf366b284fc3acf4a5bb8	0	0	NA	NA	NA	FALSE	Fungi	Ascomycota	Eurotiomycetes	Eurotiales	Aspergillaceae	Aspergillus	Aspergillus_protuberus
9e77f6b4af21ce7ee2f5612ea107bccd	0	0	NA	NA	NA	FALSE	Fungi	Ascomycota	Dothideomycetes	Mycosphaerellales	Teratosphaeriaceae	NA	NA
19e25151cb46cadfd6f645af1657a4fe	1.522346394331736e-4	1	NA	NA	NA	FALSE	Fungi	Ascomycota	Dothideomycetes	Pleosporales	Pleosporaceae	Alternaria	Alternaria_infectoria
a83fea6ba35315dd20889a2965a645ce	1.1218020195139488e-4	1	NA	NA	NA	FALSE	Fungi	unidentified	unidentified	unidentified	unidentified	unidentified	Fungi_sp
db2015f5b9f049f51f93f3c4c1b34422	1.0314621101199013e-4	1	NA	NA	NA	FALSE	Fungi	Ascomycota	Dothideomycetes	Pleosporales	Sporormiaceae	Sporormiella	Sporormiella_minima
245442cacc29560601798d97b799c9e9	0	0	NA	NA	NA	FALSE	Fungi	Ascomycota	Saccharomycetes	Saccharomycetales	Saccharomycetaceae	Saccharomyces	Saccharomyces_arboricola
cf2d267aa8d9688cdcafe0b672ccfbad	0	0	NA	NA	NA	FALSE	Fungi	Ascomycota	Sordariomycetes	Hypocreales	Nectriaceae	NA	NA
13001d2d723163b0139ef57a6a12aabc	4.6616786704892435e-5	1	NA	NA	NA	FALSE	Fungi	Basidiomycota	Tremellomycetes	NA	NA	NA	NA
d03065e2aae28417a8b737287284d736	0	0	NA	NA	NA	FALSE	Fungi	Basidiomycota	Tremellomycetes	Filobasidiales	Filobasidiaceae	Naganishia	Naganishia_bhutanensis
868196dfe2364d6de932872aede446bf	0	0	NA	NA	NA	FALSE	Fungi	Ascomycota	Dothideomycetes	Capnodiales	Cladosporiaceae	Cladosporium	Cladosporium_tenuissimum
904e56c4d22df8737a6881c3434078b7	1.6170168978265823e-4	1	NA	NA	NA	FALSE	Fungi	Basidiomycota	Tremellomycetes	NA	NA	NA	NA
9ca9b16bfdb7162ee33d14c86718cc02	1.3756142117455443e-4	1	NA	NA	NA	FALSE	Fungi	Ascomycota	Sordariomycetes	Hypocreales	Nectriaceae	Fusicolla	Fusicolla_sp
0932a9fc3080f42907f907784fef966d	1.3572726889222704e-4	1	NA	NA	NA	FALSE	Fungi	Ascomycota	Dothideomycetes	Mycosphaerellales	NA	NA	NA
0bf9455b4b71fed8dc07d505b546b258	0	0	NA	NA	NA	FALSE	Fungi	Ascomycota	Dothideomycetes	Capnodiales	Cladosporiaceae	Cladosporium	NA
88f993dd2aaf90e85f74f42e67bc2c53	1.2059338553540159e-4	1	NA	NA	NA	FALSE	Fungi	Ascomycota	Dothideomycetes	Pleosporales	Didymellaceae	Neodidymelliopsis	Neodidymelliopsis_negundinis
0d10216f758d3d7ead6c0626a6e79625	5.365556070060932e-4	1	NA	NA	NA	FALSE	Fungi	unidentified	unidentified	unidentified	unidentified	unidentified	Fungi_sp
0f5705e4f187d11ff4c55cccc8abc241	1.3205896432757225e-4	1	NA	NA	NA	FALSE	Fungi	Ascomycota	Dothideomycetes	Pleosporales	Neocamarosporiaceae	Neocamarosporium	Neocamarosporium_leipoldtiae
2fe4cd2d3c56575b38d33aecac03d074	0	0	NA	NA	NA	FALSE	Fungi	Basidiomycota	Tremellomycetes	Tremellales	NA	NA	NA
fa90f8e7454aedaf40a8d852161b0ad5	0	0	NA	NA	NA	FALSE	Fungi	Ascomycota	Dothideomycetes	Pleosporales	Didymosphaeriaceae	Pseudopithomyces	NA
dc0c77caeb897e53779de7e1395be0fa	0	0	NA	NA	NA	FALSE	Fungi	Ascomycota	Dothideomycetes	Capnodiales	Cladosporiaceae	Cladosporium	Cladosporium_aphidis
7a8abc0e9b4586d8f529a891100172a4	0	0	NA	NA	NA	FALSE	Fungi	NA	NA	NA	NA	NA	NA
b1f515672569982ac9e1feed7c984c67	0	0	NA	NA	NA	FALSE	Fungi	Ascomycota	Dothideomycetes	Pleosporales	Pleosporaceae	Alternaria	Alternaria_infectoria
8b094d794e0c9977c6b4b4e00c06c799	0	0	NA	NA	NA	FALSE	Fungi	NA	NA	NA	NA	NA	NA
518d2187569a66f9cc0f12880f787d3a	9.118129388937831e-5	1	NA	NA	NA	FALSE	Fungi	Ascomycota	Saccharomycetes	Saccharomycetales	Saccharomycetales_fam_Incertae_sedis	Starmerella	Starmerella_apicola
68359e37d54b29aeb690c0dd560444e9	1.228882029159353e-4	1	NA	NA	NA	FALSE	Fungi	Ascomycota	Dothideomycetes	Capnodiales	Cladosporiaceae	Davidiella	Davidiella_sp
2661407e8842145894bad42b0cf49a28	0	0	NA	NA	NA	FALSE	Fungi	Basidiomycota	Tremellomycetes	Tremellales	Bulleribasidiaceae	Vishniacozyma	Vishniacozyma_victoriae
2b1754b92e896070bcbbeb27f4f044c7	1.1386309451863064e-4	1	NA	NA	NA	FALSE	Fungi	Basidiomycota	Wallemiomycetes	Wallemiales	Wallemiaceae	Wallemia	Wallemia_sp
3eb589b89fcebac91f5837363a927306	1.6715604090890987e-4	3	NA	0.654017094017094	0.654017094017094	FALSE	Fungi	Ascomycota	Saccharomycetes	Saccharomycetales	Saccharomycetaceae	Saccharomyces	Saccharomyces_cerevisiae
983431c64aa1faeb9657d78629f25e31	4.39696612970926e-5	5	NA	0.7367521367521367	0.7367521367521367	FALSE	Fungi	Basidiomycota	Tremellomycetes	Filobasidiales	Filobasidiaceae	Naganishia	Naganishia_globosa
ffd051bb97421de65fd8db85ae52aedc	8.514882798720336e-5	1	NA	NA	NA	FALSE	Fungi	unidentified	unidentified	unidentified	unidentified	unidentified	Fungi_sp
8c99362441dda71fed992efe254781df	0	0	NA	NA	NA	FALSE	Fungi	Ascomycota	Dothideomycetes	Capnodiales	Cladosporiaceae	Cladosporium	Cladosporium_tenuissimum
3e5362227bb754c83588e91b2d26145d	0	0	NA	NA	NA	FALSE	Fungi	unidentified	unidentified	unidentified	unidentified	unidentified	Fungi_sp
78a4275c875847ad1865fc0b1fefd00e	0	0	NA	NA	NA	FALSE	Fungi	Ascomycota	Saccharomycetes	Saccharomycetales	Saccharomycetaceae	Issatchenkia	Issatchenkia_orientalis
6aa212c95bec2215be2e2b4df93cbf88	1.1004913693964355e-4	1	NA	NA	NA	FALSE	Fungi	Ascomycota	Dothideomycetes	Pleosporales	Phaeosphaeriaceae	Neostagonospora	Neostagonospora_spinificis
f33b6c0b5a83e57936e5418d56d86ec0	1.1004913693964355e-4	1	NA	NA	NA	FALSE	Fungi	Ascomycota	Dothideomycetes	Pleosporales	Pleosporaceae	Alternaria	Alternaria_sp
6820a4954d2c65c600d880895805a3a1	5.1356263905166994e-5	1	NA	NA	NA	FALSE	Fungi	Ascomycota	Dothideomycetes	Pleosporales	Phaeosphaeriaceae	NA	NA
0ddcf0c89af2c3f6a5854fdecae66ae6	0	0	NA	NA	NA	FALSE	Fungi	Ascomycota	Dothideomycetes	Capnodiales	Cladosporiaceae	Cladosporium	Cladosporium_tenuissimum
51d224836e56419b630ec3bc7e1d6cfb	0	0	NA	NA	NA	FALSE	Fungi	Basidiomycota	Tremellomycetes	Tremellales	Bulleribasidiaceae	Vishniacozyma	Vishniacozyma_tephrensis
7e4b3d7289e1746fe587e2fcde8132fd	0	0	NA	NA	NA	FALSE	Fungi	Ascomycota	Saccharomycetes	Saccharomycetales	Saccharomycetales_fam_Incertae_sedis	Candida	Candida_albicans
481c03110c82496084112e30906714ee	1.0454668009266138e-4	1	NA	NA	NA	FALSE	Fungi	Ascomycota	Dothideomycetes	Pleosporales	Phaeosphaeriaceae	Phaeosphaeria	Phaeosphaeria_phoenicicola
cb7843f9d97f9a9b1769f00f3f667d43	0	0	NA	NA	NA	FALSE	Fungi	Ascomycota	Leotiomycetes	Helotiales	Helotiaceae	Articulospora	Articulospora_sp
6c2a009b42bb05ae1cace91c8877fb59	0	0	NA	NA	NA	FALSE	Fungi	unidentified	unidentified	unidentified	unidentified	unidentified	Fungi_sp
7a84dbab3f2c2a22835902a312fe275e	0	0	NA	NA	NA	FALSE	Fungi	Ascomycota	Leotiomycetes	Phacidiales	Phacidiaceae	NA	NA
a45665c4e4732fa6e00bea9e20fbcc4c	1.0271252781033399e-4	1	NA	NA	NA	FALSE	Fungi	Ascomycota	Dothideomycetes	Capnodiales	Cladosporiaceae	Davidiella	Davidiella_sp
d4313293d0f89f27be09e706c08ca02c	1.0271252781033399e-4	1	NA	NA	NA	FALSE	Fungi	NA	NA	NA	NA	NA	NA
7f7dd948cac5205f7d56f69b98828cd3	0	0	NA	NA	NA	FALSE	Fungi	Ascomycota	Saccharomycetes	Saccharomycetales	Saccharomycetaceae	Saccharomyces	Saccharomyces_arboricola
fbe602db02ecf3f196c1d00b798bdd09	1.0087837552800659e-4	1	NA	NA	NA	FALSE	Fungi	Basidiomycota	Agaricomycetes	Polyporales	Meruliaceae	Phlebia	Phlebia_sp
c6d2d98cd172242c470c12013bfa3fad	0	0	NA	NA	NA	FALSE	Fungi	Basidiomycota	Microbotryomycetes	Sporidiobolales	Sporidiobolaceae	Rhodotorula	Rhodotorula_kratochvilovae
262b57075480b5f02d9025a7a75ac69c	0	0	NA	NA	NA	FALSE	Fungi	Basidiomycota	Tremellomycetes	Tremellales	Bulleribasidiaceae	Dioszegia	Dioszegia_sp
ed97cd797ef32207544dbc64713be05c	0	0	NA	NA	NA	FALSE	Fungi	Basidiomycota	Tremellomycetes	Tremellales	Bulleribasidiaceae	Vishniacozyma	Vishniacozyma_sp
d5bebb0aebe19183af2819fe85ecc3b0	2.1788422527558587e-5	2	NA	0.6068376068376069	0.6068376068376069	FALSE	Fungi	Basidiomycota	Microbotryomycetes	Microbotryomycetes_ord_Incertae_sedis	Microbotryomycetes_fam_Incertae_sedis	Curvibasidium	Curvibasidium_sp
76c9ce595840d97535f994ffb306ba9e	1.0013618521188816e-5	1	NA	NA	NA	FALSE	Fungi	Ascomycota	Dothideomycetes	Mycosphaerellales	Teratosphaeriaceae	Phaeothecoidea	Phaeothecoidea_minutispora
4477822da9fb4a5a9c90c967b487487e	0	0	NA	NA	NA	FALSE	Fungi	unidentified	unidentified	unidentified	unidentified	unidentified	Fungi_sp
1de0b4d5b3e1162712f8bef92783c3aa	0	0	NA	NA	NA	FALSE	Fungi	Ascomycota	Leotiomycetes	Helotiales	Sclerotiniaceae	NA	NA
776f15e4928236edcb2ccb5277a72eb1	5.2549846647356154e-5	2	NA	0.6068376068376069	0.6068376068376069	FALSE	Fungi	Ascomycota	Dothideomycetes	Mycosphaerellales	Mycosphaerellaceae	Ramularia	NA
1319b87ec27befa5217337623eb38a28	2.5321280403861094e-5	1	NA	NA	NA	FALSE	Fungi	Basidiomycota	Tremellomycetes	Filobasidiales	Filobasidiaceae	Naganishia	Naganishia_diffluens
f53f8f89d4b743e16f8866ffb3643009	6.65870285804844e-5	1	NA	NA	NA	FALSE	Fungi	Basidiomycota	Tremellomycetes	Tremellales	Trimorphomycetaceae	Saitozyma	Saitozyma_paraflava
45ec28740110f2f9f4536ac229bc4770	0	0	NA	NA	NA	FALSE	Fungi	Ascomycota	Dothideomycetes	Mycosphaerellales	Teratosphaeriaceae	Phaeothecoidea	Phaeothecoidea_intermedia
7edc8278a16a71f0943a13c37ba1f5e6	8.437100498706006e-5	1	NA	NA	NA	FALSE	Fungi	Ascomycota	Dothideomycetes	Capnodiales	Neodevriesiaceae	Neodevriesia	Neodevriesia_fraserae
13b54f28ac3394da0f162c0dee01591a	0	0	NA	NA	NA	FALSE	Fungi	Ascomycota	Dothideomycetes	Mycosphaerellales	Teratosphaeriaceae	Phaeothecoidea	Phaeothecoidea_minutispora
34e0515484cadadcc4a015e09761a43e	0	0	NA	NA	NA	FALSE	Fungi	Basidiomycota	Tremellomycetes	Tremellales	Bulleribasidiaceae	Vishniacozyma	NA
bd07151939dd1e1f8213f1f7af21e671	6.392354743726504e-5	1	NA	NA	NA	FALSE	Fungi	Ascomycota	Eurotiomycetes	Eurotiales	Aspergillaceae	Penicillium	Penicillium_thomii
1efa3daa2f594a541fb913dd77c5ad5a	0	0	NA	NA	NA	FALSE	Fungi	Basidiomycota	Tremellomycetes	Tremellales	NA	NA	NA
228730bc5d6d96f2dbf71b5ebfcffb0c	4.334837614216054e-5	1	NA	NA	NA	FALSE	Fungi	Basidiomycota	Tremellomycetes	Filobasidiales	Filobasidiaceae	Naganishia	Naganishia_albida
3e091e0346175ad599c95a8243247cc2	8.620515726938746e-5	1	NA	NA	NA	FALSE	Fungi	NA	NA	NA	NA	NA	NA
273c20775bf0ec0b4936867a14c95916	0	0	NA	NA	NA	FALSE	Fungi	Ascomycota	Dothideomycetes	Pleosporales	Lophiotremataceae	Atrocalyx	Atrocalyx_bambusae
5c43a1a378b17937c1019e2c63805b09	0	0	NA	NA	NA	FALSE	Fungi	unidentified	unidentified	unidentified	unidentified	unidentified	Fungi_sp
eed8e2adbe95987081836821e757c1aa	6.168146351340297e-5	1	NA	NA	NA	FALSE	Fungi	unidentified	unidentified	unidentified	unidentified	unidentified	Fungi_sp
2b9d39874e908711f71b4424c8a7fba0	0	0	NA	NA	NA	FALSE	Fungi	Ascomycota	Dothideomycetes	Mycosphaerellales	Teratosphaeriaceae	Phaeothecoidea	Phaeothecoidea_intermedia
f7e5eb3c32beb165c97a04726dca0f32	0	0	NA	NA	NA	FALSE	Fungi	Ascomycota	Saccharomycetes	Saccharomycetales	Saccharomycetaceae	Saccharomyces	Saccharomyces_arboricola
5b409bd7f8afd05bd36e5ca9e285742a	8.070270042240527e-5	1	NA	NA	NA	FALSE	Fungi	Ascomycota	Dothideomycetes	Pleosporales	NA	NA	NA
690137b63a7e08abef54295f44f10aa6	2.3442848732354593e-5	1	NA	NA	NA	FALSE	Fungi	Ascomycota	Dothideomycetes	Mycosphaerellales	Teratosphaeriaceae	Austroafricana	Austroafricana_associata
c9b347d9b5b19ae54fdd24b757f7ed79	7.886854814007787e-5	1	NA	NA	NA	FALSE	Fungi	NA	NA	NA	NA	NA	NA
731dd7dc099d22a12a769a12e549bd6e	2.291005671571017e-5	1	NA	NA	NA	FALSE	Fungi	Basidiomycota	Microbotryomycetes	Sporidiobolales	Sporidiobolaceae	Rhodotorula	Rhodotorula_mucilaginosa
0d598da5e394cb18db5421dfaa2f13bc	3.160533027570138e-4	1	NA	NA	NA	FALSE	Fungi	unidentified	unidentified	unidentified	unidentified	unidentified	Fungi_sp
80bcf6bf04a159c08564242c413aaa69	5.765875937122452e-5	1	NA	NA	NA	FALSE	Fungi	unidentified	unidentified	unidentified	unidentified	unidentified	Fungi_sp
6c704f8ce9138b240a99fe333350ae68	0	0	NA	NA	NA	FALSE	Fungi	Basidiomycota	Tremellomycetes	Tremellales	Bulleribasidiaceae	Vishniacozyma	Vishniacozyma_tephrensis
1eb5a10d05b48747af62d357aa54e58c	0	0	NA	NA	NA	FALSE	Fungi	NA	NA	NA	NA	NA	NA
4533455b019bc374b2b58c5388f14e83	0	0	NA	NA	NA	FALSE	Fungi	Ascomycota	Dothideomycetes	Capnodiales	Cladosporiaceae	Cladosporium	Cladosporium_sphaerospermum
ee5191639439955da66ba0557da49474	0	0	NA	NA	NA	FALSE	Fungi	Basidiomycota	Microbotryomycetes	Sporidiobolales	Sporidiobolaceae	Sporobolomyces	Sporobolomyces_roseus
9d763d72fca830d20bcf91e164509fce	0	0	NA	NA	NA	FALSE	Fungi	unidentified	unidentified	unidentified	unidentified	unidentified	Fungi_sp
7de2e09904b5a04eb28ee09aa8d04c7c	0	0	NA	NA	NA	FALSE	Fungi	Ascomycota	Dothideomycetes	Pleosporales	Pleosporaceae	Alternaria	NA
ba065d3a2b748a977cd85a8b442c5019	0	0	NA	NA	NA	FALSE	Fungi	Basidiomycota	Tremellomycetes	Tremellales	Rhynchogastremataceae	Papiliotrema	NA
e961a4ff4726dfcd70b09bf6f44dd22b	0	0	NA	NA	NA	FALSE	Fungi	Ascomycota	Dothideomycetes	Pleosporales	Didymellaceae	Epicoccum	Epicoccum_sp
4038150c25be08f9eeb350aaaa0b0d6c	1.1945551593128686e-4	1	NA	NA	NA	FALSE	Fungi	unidentified	unidentified	unidentified	unidentified	unidentified	Fungi_sp
365bf455589b02487b493f6d9084732f	0	0	NA	NA	NA	FALSE	Fungi	Ascomycota	Dothideomycetes	Pleosporales	Pleosporaceae	Alternaria	NA
90f71eeb56354e0596d25d6303313a6c	1.0013618521188816e-5	1	NA	NA	NA	FALSE	Fungi	Ascomycota	Dothideomycetes	Pleosporales	Pleosporaceae	Alternaria	NA
577a5b71818fa3cb57d3b1230d7bc4a8	5.031522488389762e-5	1	NA	NA	NA	FALSE	Fungi	unidentified	unidentified	unidentified	unidentified	unidentified	Fungi_sp
dbdef48efa26335946b94f7e8791e05a	0	0	NA	NA	NA	FALSE	Fungi	NA	NA	NA	NA	NA	NA
adaaca591e862cb678485e0978a40fda	4.0290018060438536e-5	1	NA	NA	NA	FALSE	Fungi	Basidiomycota	Tremellomycetes	Tremellales	Trimorphomycetaceae	Saitozyma	Saitozyma_paraflava
217be8df168f31bf2ce07d2518013714	3.5969929139239594e-5	1	NA	NA	NA	FALSE	Fungi	Ascomycota	Dothideomycetes	Pleosporales	Pleosporaceae	Stemphylium	Stemphylium_vesicarium
34eb7836cfb7215b7b9efe3815a145ed	4.028796598456041e-5	1	NA	NA	NA	FALSE	Fungi	Basidiomycota	Agaricomycetes	Auriculariales	Exidiaceae	Basidiodendron	Basidiodendron_luteogriseum
935e8966033914a01ca9aee0d3dcfd1f	0	0	NA	NA	NA	FALSE	Fungi	Basidiomycota	Tremellomycetes	Tremellales	Bulleribasidiaceae	Vishniacozyma	Vishniacozyma_victoriae
4541e82be8acd46e52cce5e2d83cd42d	0	0	NA	NA	NA	FALSE	Fungi	Ascomycota	Dothideomycetes	Capnodiales	Cladosporiaceae	Cladosporium	NA
f04e766a257b0e5b72e950f16736b8dc	6.969778672844092e-5	1	NA	NA	NA	FALSE	Fungi	Basidiomycota	Agaricomycetes	Polyporales	Polyporaceae	Pycnoporus	Pycnoporus_sp
0f5d330567846853ae610cac95bc0dff	9.488216418340226e-5	3	NA	0.654017094017094	0.654017094017094	FALSE	Fungi	Ascomycota	Sordariomycetes	Hypocreales	Hypocreales_fam_Incertae_sedis	Acremonium	Acremonium_fusidioides
8d599d690a561add9be1c2e36041f8e5	6.341958396752917e-5	1	NA	NA	NA	FALSE	Fungi	unidentified	unidentified	unidentified	unidentified	unidentified	Fungi_sp
2bff887f29c19d798a01274e05ed8d95	0	0	NA	NA	NA	FALSE	Fungi	Ascomycota	Dothideomycetes	Pleosporales	Pleosporaceae	Alternaria	Alternaria_obclavata
fd8f642bf53f5d9b90d8c7ad40f90422	0	0	NA	NA	NA	FALSE	Fungi	Ascomycota	Sordariomycetes	Hypocreales	Hypocreales_fam_Incertae_sedis	Acremonium	Acremonium_brachypenium
483229d0bd10d4d8bc0cd2357173bb20	0	0	NA	NA	NA	FALSE	Fungi	Basidiomycota	Tremellomycetes	Tremellales	Bulleribasidiaceae	Vishniacozyma	Vishniacozyma_psychrotolerans
ecec32735804704d7d393293c1b50446	3.412531738850936e-5	1	NA	NA	NA	FALSE	Fungi	Ascomycota	Dothideomycetes	Pleosporales	Pleosporaceae	Alternaria	Alternaria_sp
acfe7a1945e737eab733646278efb0a0	4.140425566039722e-5	3	NA	0.654017094017094	0.654017094017094	FALSE	Fungi	Ascomycota	Dothideomycetes	Botryosphaeriales	Botryosphaeriaceae	Dothiorella	NA
6f5dcbee3311c9ee23eca95e621fcee5	0	0	NA	NA	NA	FALSE	Fungi	NA	NA	NA	NA	NA	NA
af58d9abe65c92134dfbe13d10173b07	1.9180512599199215e-5	1	NA	NA	NA	FALSE	Fungi	unidentified	unidentified	unidentified	unidentified	unidentified	Fungi_sp
fa908e44af18fe1eb338caa54bf029c8	1.1909015124449208e-4	1	NA	NA	NA	FALSE	Fungi	Ascomycota	Saccharomycetes	Saccharomycetales	Saccharomycetaceae	Saccharomyces	Saccharomyces_cerevisiae
ad0ec71b4a17c16bf3428dab7afb0b6a	5.841277470693476e-5	1	NA	NA	NA	FALSE	Fungi	Ascomycota	Saccharomycetes	Saccharomycetales	Saccharomycetaceae	Issatchenkia	Issatchenkia_orientalis
7b30490cd78c377e1379832f920aef01	0	0	NA	NA	NA	FALSE	Fungi	unidentified	unidentified	unidentified	unidentified	unidentified	Fungi_sp
13cc19aab43e96df935e0fecbfca527f	6.236117759913135e-5	1	NA	NA	NA	FALSE	Fungi	Basidiomycota	Agaricomycetes	Agaricales	Psathyrellaceae	Parasola	Parasola_malakandensis
f1870e7b348dac9d2e178f765f9bc6ed	0	0	NA	NA	NA	FALSE	Fungi	Ascomycota	Dothideomycetes	Capnodiales	Cladosporiaceae	Cladosporium	Cladosporium_tenuissimum
27591b2bf184e5416545dc92f8ff26bb	3.0436093887048887e-5	1	NA	NA	NA	FALSE	Fungi	Basidiomycota	Cystobasidiomycetes	Cystobasidiomycetes_ord_Incertae_sedis	Symmetrosporaceae	Symmetrospora	Symmetrospora_suhii
79f6c072eea6d58cabcbed27cf2a52f6	6.0527025316803956e-5	1	NA	NA	NA	FALSE	Fungi	Basidiomycota	Agaricomycetes	Russulales	Peniophoraceae	Peniophora	Peniophora_duplex
21b1064a0a705e952b0ddea0cfe77631	7.951998843345623e-5	1	NA	NA	NA	FALSE	Fungi	Ascomycota	Dothideomycetes	Pleosporales	Pleosporaceae	Alternaria	Alternaria_infectoria
712adeb36abd6cceb844c722e2a36c7f	0	0	NA	NA	NA	FALSE	Fungi	Basidiomycota	Tremellomycetes	Tremellales	Naemateliaceae	Naematelia	Naematelia_aurantia
88195c6234eea7fe49ab9538c2d255f4	0	0	NA	NA	NA	FALSE	Fungi	Ascomycota	Saccharomycetes	Saccharomycetales	Saccharomycetales_fam_Incertae_sedis	Candida	Candida_tropicalis
3b6888261198028194246a6cd43a383d	0	0	NA	NA	NA	FALSE	Fungi	Basidiomycota	Tremellomycetes	Tremellales	Bulleribasidiaceae	Dioszegia	Dioszegia_sp
12b261fb4ef67d7cc2292f438ebc3c16	2.951378801168377e-5	1	NA	NA	NA	FALSE	Fungi	Ascomycota	Sordariomycetes	Xylariales	Hyponectriaceae	Monographella	Monographella_sp
e6fb0b292eea2eaa3cb7331c1983f635	5.869287303447656e-5	1	NA	NA	NA	FALSE	Fungi	Ascomycota	Dothideomycetes	Capnodiales	Neoantennariellaceae	Cippumomyces	Cippumomyces_mortalis
02c508a9c936d4b53ef0a662503aaad0	5.340596544634035e-5	1	NA	NA	NA	FALSE	Fungi	Basidiomycota	Tremellomycetes	Filobasidiales	Filobasidiaceae	Naganishia	Naganishia_albida
c75dbbba362b5ad979867c321adf3639	0	0	NA	NA	NA	FALSE	Fungi	Ascomycota	Sordariomycetes	Xylariales	Sporocadaceae	NA	NA
d96d97703836a821719464f4150d9b52	2.3979952759493064e-5	1	NA	NA	NA	FALSE	Fungi	Ascomycota	Dothideomycetes	Pleosporales	Pleosporaceae	Curvularia	NA
b2017fc7dd27d4de4449b0860118af73	5.685872075214916e-5	1	NA	NA	NA	FALSE	Fungi	Ascomycota	Dothideomycetes	Capnodiales	Neodevriesiaceae	Neodevriesia	NA
7dee332fbfeacd2b362a12667aa8ff58	2.5225154849902195e-5	1	NA	NA	NA	FALSE	Fungi	Ascomycota	Dothideomycetes	Pleosporales	Sporormiaceae	Sporormiella	NA
dc38a3019d37fff1e9e99bf73542b021	4.1898629644496885e-5	1	NA	NA	NA	FALSE	Fungi	unidentified	unidentified	unidentified	unidentified	unidentified	Fungi_sp
ec0a567c391e7f9db764f36737001cbb	5.5024568469821773e-5	1	NA	NA	NA	FALSE	Fungi	Basidiomycota	Agaricomycetes	Trechisporales	Trechisporales_fam_Incertae_sedis	unidentified	Trechisporales_fam_Incertae_sedis_sp
d28cd1dd32f872ba49162f51444367fe	0	0	NA	NA	NA	FALSE	Fungi	Basidiomycota	Tremellomycetes	NA	NA	NA	NA
687eba99f7aa98240bdd7922599987d8	0	0	NA	NA	NA	FALSE	Fungi	Ascomycota	Saccharomycetes	Saccharomycetales	Saccharomycetaceae	Saccharomyces	Saccharomyces_cerevisiae
3ca784e104909518ce26f89eb01aa999	0	0	NA	NA	NA	FALSE	Fungi	unidentified	unidentified	unidentified	unidentified	unidentified	Fungi_sp
6703415c55d34924cd573062588e59f3	0	0	NA	NA	NA	FALSE	Fungi	Ascomycota	Sordariomycetes	Trichosphaeriales	Trichosphaeriaceae	Nigrospora	Nigrospora_sp
4d1c3b99e25401fd4fa719337d15d9ae	2.674687038558842e-5	1	NA	NA	NA	FALSE	Fungi	Mortierellomycota	Mortierellomycetes	Mortierellales	Mortierellaceae	Linnemannia	Linnemannia_camargensis
5d07ba7ddfbac499952a0799f157a06f	3.851719792887524e-5	1	NA	NA	NA	FALSE	Fungi	Basidiomycota	Agaricomycetes	Russulales	Peniophoraceae	Peniophora	NA
699d0e248d4d005fed52f47bb400e191	7.144317900713628e-6	1	NA	NA	NA	FALSE	Fungi	Basidiomycota	Tremellomycetes	Tremellales	NA	NA	NA
3b21156c99333d57c17d91a6353a12ac	0	0	NA	NA	NA	FALSE	Fungi	Basidiomycota	Tremellomycetes	Filobasidiales	Filobasidiaceae	NA	NA
5e59f7ae1d9e84f9cc95eb7e2e502480	3.4030396508362084e-05	3	NA	0.654017094017094	0.654017094017094	FALSE	Fungi	Ascomycota	Saccharomycetes	Saccharomycetales	Saccharomycetaceae	Kazachstania	Kazachstania_aerobia
9b28c44cb883979c5f79211b8d0cc2fb	0	0	NA	NA	NA	FALSE	Fungi	Ascomycota	NA	NA	NA	NA	NA
0deb0b557ed5eb0ebc409403b4deac94	0	0	NA	NA	NA	FALSE	Fungi	NA	NA	NA	NA	NA	NA
f728ed2c22d96a0ce56e3f957d4d2997	0	0	NA	NA	NA	FALSE	Fungi	Ascomycota	Dothideomycetes	Pleosporales	Pleosporaceae	Alternaria	NA
d76e8cb78d8141ca700e10a8339989ac	4.95221116228396e-5	1	NA	NA	NA	FALSE	Fungi	NA	NA	NA	NA	NA	NA
c7a18ee7f0b3de15ee7ba53f01bd630d	1.4385384449399411e-5	1	NA	NA	NA	FALSE	Fungi	Ascomycota	Dothideomycetes	Mycosphaerellales	Teratosphaeriaceae	NA	NA
e3672bdb982cbb7603190e6fb6d7bd99	0	0	NA	NA	NA	FALSE	Fungi	Ascomycota	Leotiomycetes	Helotiales	Sclerotiniaceae	NA	NA
8af4c69ec38a94fbc3f077855e28321a	0	0	NA	NA	NA	FALSE	Fungi	NA	NA	NA	NA	NA	NA
4742614086db4a764b089cc41bf45f69	4.414477228961586e-5	6	NA	0.7726495726495728	0.7726495726495728	FALSE	Fungi	Ascomycota	Saccharomycetes	Saccharomycetales	Saccharomycopsidaceae	Saccharomycopsis	Saccharomycopsis_vini
fd8fde19dfe0c41cf9fda77eeb369622	0	0	NA	NA	NA	FALSE	Fungi	Basidiomycota	Microbotryomycetes	Microbotryomycetes_ord_Incertae_sedis	Chrysozymaceae	Sampaiozyma	Sampaiozyma_sp
cb97d96c41f25e222e9bdde409cfb228	0	0	NA	NA	NA	FALSE	Fungi	Ascomycota	Saccharomycetes	Saccharomycetales	Saccharomycetaceae	Lachancea	Lachancea_nothofagi
508a99003730507b57f08bc0cbe1a213	8.917710930616642e-5	1	NA	NA	NA	FALSE	Fungi	unidentified	unidentified	unidentified	unidentified	unidentified	Fungi_sp
be4d367cb13a13fc8258b299e34dcd9c	3.381151693235013e-5	2	NA	0.6068376068376069	0.6068376068376069	FALSE	Fungi	Basidiomycota	Microbotryomycetes	Microbotryomycetes_ord_Incertae_sedis	Microbotryomycetes_fam_Incertae_sedis	Curvibasidium	Curvibasidium_sp
d2721b5c0498b42a81a50ff48783f970	6.410944798318978e-5	2	NA	0.6068376068376069	0.6068376068376069	FALSE	Fungi	Ascomycota	Eurotiomycetes	Eurotiales	Aspergillaceae	Penicillium	Penicillium_salamorum
87f2e96eb0f5392cbb5496305579bf5a	2.0126089953559047e-5	1	NA	NA	NA	FALSE	Fungi	Ascomycota	Dothideomycetes	Pleosporales	NA	NA	NA
06b32394e3904532a0a2a1d5153e0569	0	0	NA	NA	NA	FALSE	Fungi	unidentified	unidentified	unidentified	unidentified	unidentified	Fungi_sp
b71df2074fc3b9f31a8eb6956360bc08	0	0	NA	NA	NA	FALSE	Fungi	Ascomycota	Sordariomycetes	Glomerellales	Plectosphaerellaceae	Lectera	Lectera_longa
4f9fe2f56cb9347522f63ddad6814681	0	0	NA	NA	NA	FALSE	Fungi	Ascomycota	Eurotiomycetes	Eurotiales	Aspergillaceae	Talaromyces	NA
eb9c08a8bd5035fa54b63ae11024ebff	0	0	NA	NA	NA	FALSE	Fungi	Basidiomycota	Microbotryomycetes	Sporidiobolales	Sporidiobolaceae	Rhodotorula	Rhodotorula_babjevae
14617d475206c0526ffb66850f10e4cf	4.401965477585742e-5	1	NA	NA	NA	FALSE	Fungi	Basidiomycota	Agaricomycetes	Russulales	Peniophoraceae	Peniophora	NA
22328da33bf6fa04f07b9dbb348eac2d	4.401965477585742e-5	1	NA	NA	NA	FALSE	Fungi	Basidiomycota	Agaricomycetes	Boletales	Sclerodermataceae	Scleroderma	Scleroderma_albidum
7402cf11168bd6187d6a2d7e3d38b6b0	3.0096782973056712e-5	2	NA	0.6068376068376069	0.6068376068376069	FALSE	Fungi	Ascomycota	Saccharomycetes	Saccharomycetales	Debaryomycetaceae	Kurtzmaniella	NA
311687b9a4ff1f3a4e91fcca3619ab84	4.4012482015599606e-5	4	NA	0.6972649572649572	0.6972649572649572	FALSE	Fungi	Ascomycota	Eurotiomycetes	Eurotiales	Aspergillaceae	Aspergillus	Aspergillus_westerdijkiae
fc9ff96bc29acb18098373f892f7dc9e	0	0	NA	NA	NA	FALSE	Fungi	Ascomycota	Dothideomycetes	Pleosporales	Pleosporaceae	Alternaria	Alternaria_eureka
b503360723d89a25dfb01a9a529bc18d	0	0	NA	NA	NA	FALSE	Fungi	Ascomycota	Saccharomycetes	Saccharomycetales	Saccharomycetaceae	Saccharomyces	Saccharomyces_arboricola
5733b7fcd3bd48c213b2631cabe53e43	2.1213035133397712e-5	1	NA	NA	NA	FALSE	Fungi	Ascomycota	Dothideomycetes	Mycosphaerellales	Teratosphaeriaceae	NA	NA
bac1f7dc581e3cfd9c6fc13c8b06b39a	2.1213035133397712e-5	1	NA	NA	NA	FALSE	Fungi	Ascomycota	Sordariomycetes	Xylariales	Sporocadaceae	NA	NA
b1062c31583108a210c25d7d7af8ace6	0	0	NA	NA	NA	FALSE	Fungi	Ascomycota	Dothideomycetes	Pleosporales	Phaeosphaeriaceae	Phaeosphaeria	Phaeosphaeria_podocarpi
4a3daac41ee47a7eb027c9b723a08a12	0	0	NA	NA	NA	FALSE	Fungi	NA	NA	NA	NA	NA	NA
f6ab302bce1bfb041fceff9c3cf4cf9c	0	0	NA	NA	NA	FALSE	Fungi	Ascomycota	Leotiomycetes	Helotiales	Leotiaceae	Flagellospora	Flagellospora_saccata
f24bf57607e14d07474b30a0f0896769	2.029072925803259e-5	1	NA	NA	NA	FALSE	Fungi	Mortierellomycota	Mortierellomycetes	Mortierellales	Mortierellaceae	Mortierella	Mortierella_alpina
4bc12d35c9a03a7ae5253fee2bc53d67	1.1067670504381414e-5	1	NA	NA	NA	FALSE	Fungi	Ascomycota	Dothideomycetes	Mycosphaerellales	Teratosphaeriaceae	NA	NA
fd0578a53aaef644462faed31b26fd26	4.0351350211202635e-5	1	NA	NA	NA	FALSE	Fungi	Basidiomycota	Agaricomycetes	Russulales	Peniophoraceae	Peniophora	Peniophora_crassitunicata
13624a36118bed3ae7ace60e196f9562	3.6318869776588284e-5	3	NA	0.654017094017094	0.654017094017094	FALSE	Fungi	Ascomycota	Dothideomycetes	Mycosphaerellales	Mycosphaerellaceae	Ramularia	NA
ba87bd9eee8194393d44d3ca014c926e	2.6550232610135094e-5	2	NA	0.6068376068376069	0.6068376068376069	FALSE	Fungi	Basidiomycota	Microbotryomycetes	Sporidiobolales	Sporidiobolaceae	Rhodotorula	NA
5f7557511af82d3c11dc99a250a0de34	2.2726544914367415e-5	1	NA	NA	NA	FALSE	Fungi	Ascomycota	Sordariomycetes	Sordariales	Chaetomiaceae	Corynascella	Corynascella_inquinata
b18e19ac5b28465757afb44fcd51f03e	2.9499830375975337e-5	1	NA	NA	NA	FALSE	Fungi	NA	NA	NA	NA	NA	NA
31e0d0b5a7e39b3ab49e6c27eeff2078	0	0	NA	NA	NA	FALSE	Fungi	Basidiomycota	Cystobasidiomycetes	Cystobasidiomycetes_ord_Incertae_sedis	Buckleyzymaceae	Buckleyzyma	Buckleyzyma_armeniaca
d045413efbd8d0167a219044148ffc1f	0	0	NA	NA	NA	FALSE	Fungi	Ascomycota	Dothideomycetes	Pleosporales	Pleosporaceae	Alternaria	Alternaria_infectoria
029cacc23bd083da329e9e2b3e7fadd4	0	0	NA	NA	NA	FALSE	Fungi	Ascomycota	Dothideomycetes	Pleosporales	Pleosporaceae	Alternaria	Alternaria_sp
5b9907e6b4718d26ace9b0d517c9e8fe	1.9368423382667475e-5	1	NA	NA	NA	FALSE	Fungi	Ascomycota	Taphrinomycetes	Taphrinales	Taphrinaceae	Taphrina	Taphrina_betulina
949b5a5b6a684617c6d0c47ce387afe6	1.9368423382667475e-5	1	NA	NA	NA	FALSE	Fungi	Basidiomycota	Cystobasidiomycetes	Erythrobasidiales	Erythrobasidiaceae	Erythrobasidium	Erythrobasidium_hasegawianum
620fad151b322f4aed47d986b4bc65b6	1.9368423382667475e-5	1	NA	NA	NA	FALSE	Fungi	Basidiomycota	Tremellomycetes	Tremellales	Bulleribasidiaceae	Vishniacozyma	Vishniacozyma_tephrensis
7e7e90685cc686c570ffdaf8c34ccdfe	3.851719792887524e-5	1	NA	NA	NA	FALSE	Fungi	Ascomycota	Sordariomycetes	Sordariales	Chaetomiaceae	NA	NA
64a34adfb91be9bada85785c4fb1947a	3.496280365025248e-5	2	NA	0.6068376068376069	0.6068376068376069	FALSE	Fungi	Ascomycota	Dothideomycetes	Pleosporales	Sporormiaceae	Preussia	NA
00539f9e49ddede526643893967466b1	0	0	NA	NA	NA	FALSE	Fungi	Ascomycota	Eurotiomycetes	Eurotiales	Aspergillaceae	Aspergillus	Aspergillus_protuberus
4e3e52f021dd7057c1ecebdf502fe3f2	0	0	NA	NA	NA	FALSE	Fungi	unidentified	unidentified	unidentified	unidentified	unidentified	Fungi_sp
8b078c92d112fa24ba6bb48d755085c7	0	0	NA	NA	NA	FALSE	Fungi	Basidiomycota	Agaricomycetes	Russulales	Peniophoraceae	Peniophora	Peniophora_duplex
4b53bfc667fc32e2c828643c6029f458	0	0	NA	NA	NA	FALSE	Fungi	Ascomycota	Dothideomycetes	Pleosporales	Dictyosporiaceae	unidentified	Dictyosporiaceae_sp
557e224643d91c3f463b72b0f34bb93a	0	0	NA	NA	NA	FALSE	Fungi	Ascomycota	Dothideomycetes	Capnodiales	Cladosporiaceae	Cladosporium	Cladosporium_tenuissimum
e15519eba6863a45cf4dfd0e558d0aa2	1.8446117507302356e-5	1	NA	NA	NA	FALSE	Fungi	Ascomycota	Dothideomycetes	Capnodiales	Paradevriesiaceae	Paradevriesia	Paradevriesia_pseudoamericana
468a68037f045ad521493bd358e19e96	8.30075287828606e-6	1	NA	NA	NA	FALSE	Fungi	Ascomycota	Dothideomycetes	Mycosphaerellales	Teratosphaeriaceae	NA	NA
13384f5ce07a84151a0524bcc5112b87	3.668304564654785e-5	1	NA	NA	NA	FALSE	Fungi	Ascomycota	Dothideomycetes	Mycosphaerellales	Teratosphaeriaceae	NA	NA
5031a4980762336e8aa338c4c5ee29f8	2.2648694230498657e-5	3	NA	0.654017094017094	0.654017094017094	FALSE	Fungi	Ascomycota	Sordariomycetes	Hypocreales	Niessliaceae	Niesslia	NA
0a3e6fcccf6390cdeadcbc81d8373594	3.337872840396272e-5	1	NA	NA	NA	FALSE	Fungi	Basidiomycota	Tremellomycetes	Filobasidiales	Piskurozymaceae	Solicoccozyma	NA
f3908014826d39241568cf2322d352f0	0	0	NA	NA	NA	FALSE	Fungi	Ascomycota	Eurotiomycetes	Eurotiales	Aspergillaceae	Penicillium	Penicillium_thomii
75940d258da9929a9921199b8980f809	2.8496017843834987e-5	2	NA	0.6068376068376069	0.6068376068376069	FALSE	Fungi	Ascomycota	Dothideomycetes	Pleosporales	Pleosporaceae	Alternaria	NA
1740f5868510f5c3dd7de28dfba90afa	1.546057877897231e-5	1	NA	NA	NA	FALSE	Fungi	unidentified	unidentified	unidentified	unidentified	unidentified	Fungi_sp
8b74fb5330280537fbcadc1afb665b97	0	0	NA	NA	NA	FALSE	Fungi	Basidiomycota	Agaricostilbomycetes	Agaricostilbales	Kondoaceae	Bensingtonia	Bensingtonia_sp
2140c613a65b518a1ea676780b3bd0a3	0	0	NA	NA	NA	FALSE	Fungi	Ascomycota	Dothideomycetes	Pleosporales	Periconiaceae	Periconia	Periconia_sp
05554f928bc814c322038994c1b461cc	0	0	NA	NA	NA	FALSE	Fungi	unidentified	unidentified	unidentified	unidentified	unidentified	Fungi_sp
42cd328e0f50d3ae5ffc2890260d310b	3.301474108189306e-5	1	NA	NA	NA	FALSE	Fungi	Basidiomycota	Agaricomycetes	Russulales	Peniophoraceae	Peniophora	NA
d291304b3bd55856c5ecc27ae4495ba5	4.337453914552158e-5	1	NA	NA	NA	FALSE	Fungi	NA	NA	NA	NA	NA	NA
7d8eca3c8e596191c172ec73d3dc2e40	1.925669170036588e-4	1	NA	NA	NA	FALSE	Fungi	Ascomycota	Dothideomycetes	Mycosphaerellales	Teratosphaeriaceae	NA	NA
a8e02d84d6c5a281f467645e9518a0ce	2.413622485307073e-5	1	NA	NA	NA	FALSE	Fungi	unidentified	unidentified	unidentified	unidentified	unidentified	Fungi_sp
a7ba9903ae5af876f8f17e52fbd98990	2.3971330288974384e-5	1	NA	NA	NA	FALSE	Fungi	Ascomycota	Dothideomycetes	Pleosporales	Sporormiaceae	Sporormiella	Sporormiella_minima
8d6d4e9d50c48ce19cf235e1e500d873	2.4328236567772385e-5	1	NA	NA	NA	FALSE	Fungi	Ascomycota	Saccharomycetes	Saccharomycetales	Pichiaceae	Pichia	Pichia_cephalocereana
2e0666aca4eae2fc7e4a2cef38aaa38a	0	0	NA	NA	NA	FALSE	Fungi	Ascomycota	Dothideomycetes	Pleosporales	Phaeosphaeriaceae	Neosetophoma	NA
f3576453586e8c23e31e114355ad99bb	0	0	NA	NA	NA	FALSE	Fungi	NA	NA	NA	NA	NA	NA
6be6c9e4a861a6bcb32e4406cf169f06	0	0	NA	NA	NA	FALSE	Fungi	Ascomycota	Dothideomycetes	Pleosporales	Periconiaceae	Periconia	Periconia_verrucosa
8ac5c72a6999245a6cc8b7cd0b9fdb77	0	0	NA	NA	NA	FALSE	Fungi	Ascomycota	Sordariomycetes	Xylariales	Bartaliniaceae	Truncatella	Truncatella_angustata
7ec1c18b2c34e35a247768cf87be80df	0	0	NA	NA	NA	FALSE	Fungi	Ascomycota	Dothideomycetes	Capnodiales	Cladosporiaceae	Cladosporium	Cladosporium_tenuissimum
870724c8fb349cb3c227504f09023473	0	0	NA	NA	NA	FALSE	Fungi	Ascomycota	Dothideomycetes	Pleosporales	Pleosporaceae	Alternaria	Alternaria_infectoria
7fac161db164abb8a15b4a73bed74b47	0	0	NA	NA	NA	FALSE	Fungi	Ascomycota	Dothideomycetes	Dothideales	Saccotheciaceae	NA	NA
5519ccab1c8e7c6344079716ce04deef	0	0	NA	NA	NA	FALSE	Fungi	unidentified	unidentified	unidentified	unidentified	unidentified	Fungi_sp
a9a3fd9721d508012a12820bd82fc991	6.704506903630759e-6	1	NA	NA	NA	FALSE	Fungi	Basidiomycota	Tremellomycetes	Filobasidiales	Filobasidiaceae	Naganishia	Naganishia_globosa
66083c06b821c27bb61d837daf49acff	1.383314943381733e-5	1	NA	NA	NA	FALSE	Fungi	unidentified	unidentified	unidentified	unidentified	unidentified	Fungi_sp
b97222ff83fc8e33e8bc51f38838d14b	0	0	NA	NA	NA	FALSE	Fungi	Ascomycota	Dothideomycetes	Mycosphaerellales	Teratosphaeriaceae	NA	NA
02d09d3884b6e2378a64f6bcb12e59ef	0	0	NA	NA	NA	FALSE	Fungi	Ascomycota	Dothideomycetes	Capnodiales	Cladosporiaceae	Cladosporium	NA
8da2a3fb2195395b0a06164d035af5ef	0	0	NA	NA	NA	FALSE	Fungi	Ascomycota	Leotiomycetes	NA	NA	NA	NA
55f286c635ddddd3b4539fd87312e3c3	0	0	NA	NA	NA	FALSE	Fungi	Ascomycota	Eurotiomycetes	Eurotiales	Aspergillaceae	Penicillium	Penicillium_terrigenum
d464b3da6683180370667c47102617c5	1.8276356791037273e-5	1	NA	NA	NA	FALSE	Fungi	Ascomycota	Saccharomycetes	Saccharomycetales	Pichiaceae	Pichia	Pichia_sporocuriosa
dd68586ebb5da8fdf07535fa83350295	2.6702982723170177e-5	1	NA	NA	NA	FALSE	Fungi	Ascomycota	Dothideomycetes	Mycosphaerellales	Teratosphaeriaceae	NA	NA
010b208c3e6035877b1677d9c018a086	0	0	NA	NA	NA	FALSE	Fungi	Ascomycota	Dothideomycetes	Pleosporales	Didymellaceae	Nothophoma	Nothophoma_prosopidis
76fa64c199a7dda3f4031a53577f4b62	0	0	NA	NA	NA	FALSE	Fungi	Ascomycota	Dothideomycetes	Pleosporales	Amorosiaceae	Angustimassarina	Angustimassarina_acerina
2806d307c4a722f3394d4a73e9a255f9	0	0	NA	NA	NA	FALSE	Fungi	Basidiomycota	Agaricomycetes	Corticiales	Corticiaceae	Limonomyces	Limonomyces_roseipellis
ab6dcfe1aa4083439eb4af71da5b35c0	0	0	NA	NA	NA	FALSE	Fungi	Ascomycota	Sordariomycetes	Hypocreales	Niessliaceae	Eucasphaeria	Eucasphaeria_capensis
29c1831b4eed1b71904f83a2ef2345c8	0	0	NA	NA	NA	FALSE	Fungi	Mortierellomycota	Mortierellomycetes	Mortierellales	Mortierellaceae	NA	NA
1916860c579442b44b139cbdc22e1ae8	0	0	NA	NA	NA	FALSE	Fungi	Ascomycota	Dothideomycetes	Pleosporales	Pleosporaceae	Alternaria	Alternaria_obclavata
9a59f20568095185042683ef5ede82f9	0	0	NA	NA	NA	FALSE	Fungi	Ascomycota	Dothideomycetes	Pleosporales	NA	NA	NA
2020652739b9ed75a5486df53714e09e	0	0	NA	NA	NA	FALSE	Fungi	Basidiomycota	Tremellomycetes	Tremellales	Rhynchogastremataceae	Papiliotrema	Papiliotrema_mangalensis
840ca5402170b3e31ca5b111c013df08	2.6276098735068607e-5	1	NA	NA	NA	FALSE	Fungi	Ascomycota	Dothideomycetes	Mycosphaerellales	Teratosphaeriaceae	NA	NA
c96b8a16cc7edb1d1788832a772a7791	2.6276098735068607e-5	1	NA	NA	NA	FALSE	Fungi	Ascomycota	Dothideomycetes	Mycosphaerellales	Teratosphaeriaceae	Penidiella	Penidiella_ellipsoidea
64e821149e4c4a24d39a662ee4bc574d	1.3834588130476767e-5	1	NA	NA	NA	FALSE	Fungi	Ascomycota	Dothideomycetes	Pleosporales	Lentitheciaceae	Keissleriella	Keissleriella_cladophila
1aaea3597b3136ff5ddf7df0c78d1dd3	1.3834588130476767e-5	1	NA	NA	NA	FALSE	Fungi	Ascomycota	Dothideomycetes	Mycosphaerellales	Teratosphaeriaceae	Parateratosphaeria	Parateratosphaeria_marasasii
3101dcd35d7d20cf5f19b7990dd0cb97	2.38439796702561e-5	1	NA	NA	NA	FALSE	Fungi	Basidiomycota	Agaricomycetes	Agaricales	Lycoperdaceae	NA	NA
9a441854cf69497fa1f8481cabc5bce2	2.0113520710892277e-5	1	NA	NA	NA	FALSE	Fungi	Basidiomycota	Tremellomycetes	NA	NA	NA	NA
66b5efccfc2d4e4253ab4cdf0de36ba8	2.503404630297204e-5	1	NA	NA	NA	FALSE	Fungi	Ascomycota	Dothideomycetes	Pleosporales	Pleosporaceae	Alternaria	Alternaria_sp
76a83229acbbf32274959d11644d7e78	0	0	NA	NA	NA	FALSE	Fungi	Basidiomycota	Wallemiomycetes	Wallemiales	Wallemiaceae	Wallemia	Wallemia_sp
b64ba18ec5fb1f7be942ec8e2dac8226	0	0	NA	NA	NA	FALSE	Fungi	Ascomycota	Sordariomycetes	Hypocreales	Cordycipitaceae	Lecanicillium	Lecanicillium_coprophilum
5fdd7fa6bde5c370f51cbee288f21287	0	0	NA	NA	NA	FALSE	Fungi	Basidiomycota	Agaricostilbomycetes	Agaricostilbales	Kondoaceae	Kondoa	NA
0f14fe896045e0c023ff6e44ae3089b7	0	0	NA	NA	NA	FALSE	Fungi	Ascomycota	Sordariomycetes	Trichosphaeriales	Trichosphaeriaceae	Nigrospora	Nigrospora_sp
bf60d0e3b4d53dcb6b043e822e2d9a0b	0	0	NA	NA	NA	FALSE	Fungi	Basidiomycota	Agaricomycetes	NA	NA	NA	NA
b99c87c69faf01173f686ab86732bb87	0	0	NA	NA	NA	FALSE	Fungi	Ascomycota	Dothideomycetes	Pleosporales	Didymosphaeriaceae	Laburnicola	Laburnicola_muriformis
0bd80d799089f412b886bf6bc2e4dc96	1.2912282255111649e-5	1	NA	NA	NA	FALSE	Fungi	Ascomycota	Eurotiomycetes	Eurotiales	Aspergillaceae	Aspergillus	Aspergillus_nidulans
3ac21383e2ca5d944085e5b9e5ecbc78	2.5678131952583497e-5	1	NA	NA	NA	FALSE	Fungi	Basidiomycota	Tremellomycetes	Tremellales	Bulleribasidiaceae	Dioszegia	NA
dbbaeaa9b563b03867e2cc07f969d844	2.5678131952583497e-5	1	NA	NA	NA	FALSE	Fungi	Basidiomycota	Agaricomycetes	Agaricales	NA	NA	NA
bf78a5c84e67a7fa2b079a19048ed3a9	2.5678131952583497e-5	1	NA	NA	NA	FALSE	Fungi	Ascomycota	Sordariomycetes	Sordariales	Chaetomiaceae	Zopfiella	Zopfiella_sp
9508f9a51ecc9644077f05714d71d38b	5.679203479766082e-5	2	NA	0.6068376068376069	0.6068376068376069	FALSE	Fungi	Basidiomycota	Tremellomycetes	Filobasidiales	Filobasidiaceae	Naganishia	Naganishia_albida
fd15f5bca2c05cd572aebc604d6cc9ce	2.3127498595830442e-5	1	NA	NA	NA	FALSE	Fungi	Ascomycota	Dothideomycetes	Mycosphaerellales	Mycosphaerellaceae	Ramularia	NA
a2c162a5781590599cfed0153dc9c4bc	1.7610328709364167e-5	1	NA	NA	NA	FALSE	Fungi	unidentified	unidentified	unidentified	unidentified	unidentified	Fungi_sp
b0e0b7e65d6cb1af3fc7724f2e034f45	0	0	NA	NA	NA	FALSE	Fungi	Ascomycota	Sordariomycetes	Hypocreales	Nectriaceae	Fusarium	NA
57365ac4bea77826dc4c01aa7fbe6936	0	0	NA	NA	NA	FALSE	Fungi	Ascomycota	Dothideomycetes	Pleosporales	Didymellaceae	Epicoccum	Epicoccum_sp
c68b1e0447a8f4a7b09ad8507729a547	0	0	NA	NA	NA	FALSE	Fungi	Basidiomycota	Cystobasidiomycetes	Cystobasidiomycetes_ord_Incertae_sedis	Symmetrosporaceae	Symmetrospora	Symmetrospora_oryzicola
3f0c51ff8ebe355fb70c63ce7a6c4bd6	0	0	NA	NA	NA	FALSE	Fungi	NA	NA	NA	NA	NA	NA
70343d5fc507de1df57b74bd11821c47	0	0	NA	NA	NA	FALSE	Fungi	Ascomycota	Dothideomycetes	Capnodiales	Paradevriesiaceae	Paradevriesia	Paradevriesia_pseudoamericana
fd341beb796e3fc5126989501962c4e2	0	0	NA	NA	NA	FALSE	Fungi	Ascomycota	Dothideomycetes	Pleosporales	Phaeosphaeriaceae	Phaeosphaeria	Phaeosphaeria_phoenicicola
3b1d6aa441744c1366590d1366dedae3	0	0	NA	NA	NA	FALSE	Fungi	Ascomycota	Dothideomycetes	Pleosporales	Periconiaceae	Periconia	Periconia_verrucosa
c0eef853d46ee9b217d94d2424731475	2.2772618903726125e-5	1	NA	NA	NA	FALSE	Fungi	Mortierellomycota	Mortierellomycetes	Mortierellales	NA	NA	NA
9a8bfa283558108ac3889f9125aa7dea	1.1989976379746532e-5	1	NA	NA	NA	FALSE	Fungi	Basidiomycota	Agaricomycetes	Russulales	Peniophoraceae	Peniophora	NA
ddb50c402c347f2f6f7effd648be7f01	2.38439796702561e-5	1	NA	NA	NA	FALSE	Fungi	NA	NA	NA	NA	NA	NA
11228af839ad2aaf0c0586976609923c	1.7312627430925947e-5	1	NA	NA	NA	FALSE	Fungi	Basidiomycota	Tremellomycetes	Tremellales	Bulleribasidiaceae	Vishniacozyma	Vishniacozyma_sp
35b47f066a037e27a1331b0195141454	2.169617346257577e-5	1	NA	NA	NA	FALSE	Fungi	Ascomycota	Eurotiomycetes	Eurotiales	Aspergillaceae	Penicillium	Penicillium_alexiae
1b2532c26e7d63644e93053b5be83f8c	0	0	NA	NA	NA	FALSE	Fungi	Ascomycota	Dothideomycetes	Capnodiales	Cladosporiaceae	Cladosporium	Cladosporium_tenuissimum
71f50269fcd90fee01fb6c86d4550c36	0	0	NA	NA	NA	FALSE	Fungi	NA	NA	NA	NA	NA	NA
cadfd70a19126e6f1ec2e83e04072903	0	0	NA	NA	NA	FALSE	Fungi	Ascomycota	Dothideomycetes	Pleosporales	Phaeosphaeriaceae	Phaeosphaeria	Phaeosphaeria_sp
340c5c8e7b389fcb810d042d75685480	0	0	NA	NA	NA	FALSE	Fungi	Ascomycota	Sordariomycetes	Hypocreales	Nectriaceae	Fusarium	Fusarium_buharicum
0829f926d0dcc1dec6a05bb09246a374	0	0	NA	NA	NA	FALSE	Fungi	Ascomycota	Dothideomycetes	Acrospermales	Acrospermales_fam_Incertae_sedis	Phaeodactylium	Phaeodactylium_stadleri
a4d1e4a57593305e92507c944d5a08ac	0	0	NA	NA	NA	FALSE	Fungi	Ascomycota	Sordariomycetes	Hypocreales	Hypocreales_fam_Incertae_sedis	Sarocladium	Sarocladium_implicatum
60d457cb7cfd8352356744b471aa769d	2.1020878988054887e-5	1	NA	NA	NA	FALSE	Fungi	Ascomycota	Dothideomycetes	Pleosporales	Didymellaceae	NA	NA
81c3a4c52dbd0da64462a3eadd43a8aa	1.1067670504381414e-5	1	NA	NA	NA	FALSE	Fungi	Basidiomycota	Agaricomycetes	NA	NA	NA	NA
d43511a0a35be3c97485fbc3a469e1e7	1.1067670504381414e-5	1	NA	NA	NA	FALSE	Fungi	Ascomycota	Dothideomycetes	Pleosporales	Lophiostomataceae	Lophiostoma	Lophiostoma_coronillae
378228b2553e66b3d80ed90da065fb2f	1.1067670504381414e-5	1	NA	NA	NA	FALSE	Fungi	Basidiomycota	Tremellomycetes	Cystofilobasidiales	Mrakiaceae	Itersonilia	Itersonilia_pannonica
25abdc75e9acfa79f3bff239d412c552	1.1067670504381414e-5	1	NA	NA	NA	FALSE	Fungi	Ascomycota	Dothideomycetes	Pleosporales	Pleosporaceae	Pyrenophora	Pyrenophora_seminiperda
6ae44bbbc4406eebf2c5513be5a14628	1.1067670504381414e-5	1	NA	NA	NA	FALSE	Fungi	Ascomycota	Dothideomycetes	Pleosporales	Neocamarosporiaceae	Neocamarosporium	Neocamarosporium_leipoldtiae
00e16e5eaa625f4421b1c0ce0cd805b8	7.337978113231075e-5	2	NA	0.6068376068376069	0.6068376068376069	FALSE	Fungi	Basidiomycota	Tremellomycetes	Filobasidiales	Filobasidiaceae	Naganishia	Naganishia_diffluens
fd7686542314af756f1f986ffd424c51	1.598088685931626e-5	1	NA	NA	NA	FALSE	Fungi	Ascomycota	Sordariomycetes	Hypocreales	Hypocreales_fam_Incertae_sedis	Acremonium	Acremonium_acutatum
92cca1de7c7e90cb36c5959a5abe676a	0	0	NA	NA	NA	FALSE	Fungi	Ascomycota	Dothideomycetes	Pleosporales	Phaeosphaeriaceae	Phaeosphaeria	NA
d3a58005bd6203f046d29207019ca185	0	0	NA	NA	NA	FALSE	Fungi	Basidiomycota	Cystobasidiomycetes	Cystobasidiales	Cystobasidiaceae	Cystobasidium	Cystobasidium_benthicum
32cf1f989f513b17ad0b773468872364	0	0	NA	NA	NA	FALSE	Fungi	Basidiomycota	Cystobasidiomycetes	Cystobasidiales	Cystobasidiaceae	Cystobasidium	NA
a762673b9099a7b9f10f894a8c09491b	0	0	NA	NA	NA	FALSE	Fungi	Ascomycota	Dothideomycetes	Capnodiales	Cladosporiaceae	Cladosporium	Cladosporium_sphaerospermum
865fef935e6f22bb07cbbb45fe058bdd	0	0	NA	NA	NA	FALSE	Fungi	Basidiomycota	Tremellomycetes	Filobasidiales	Filobasidiaceae	Filobasidium	Filobasidium_sp
99702e1950e815f79a8c423fa88636ac	0	0	NA	NA	NA	FALSE	Fungi	Ascomycota	Dothideomycetes	Pleosporales	Lophiostomataceae	Lophiostoma	Lophiostoma_coronillae
5677e582a65923299737fa2e559afb10	0	0	NA	NA	NA	FALSE	Fungi	Basidiomycota	Agaricomycetes	Corticiales	unidentified	unidentified	Corticiales_sp
411955783961dca85c44bf01f6c13087	0	0	NA	NA	NA	FALSE	Fungi	Basidiomycota	Tremellomycetes	Cystofilobasidiales	Cystofilobasidiaceae	Cystofilobasidium	Cystofilobasidium_macerans
2ea93c32368e62ae4a3291b5c1113bfb	1.9269139072383643e-5	1	NA	NA	NA	FALSE	Fungi	NA	NA	NA	NA	NA	NA
35fbbe0b3d9debbea1143ef17d801c9d	1.0145364629016295e-5	1	NA	NA	NA	FALSE	Fungi	Ascomycota	Arthoniomycetes	Lichenostigmatales	Phaeococcomycetaceae	Phaeococcomyces	Phaeococcomyces_mexicanus
7755ce26477b2e8c739f936d2ed25e4b	1.0145364629016295e-5	1	NA	NA	NA	FALSE	Fungi	Ascomycota	Dothideomycetes	NA	NA	NA	NA
a92be20a870f1fd17d4623f389247fba	1.0145364629016295e-5	1	NA	NA	NA	FALSE	Fungi	Basidiomycota	Agaricomycetes	Polyporales	Phanerochaetaceae	Phaeophlebiopsis	Phaeophlebiopsis_ignerii
c620635677c1f9aff3c880f676346e02	2.0175675105601318e-5	1	NA	NA	NA	FALSE	Fungi	Ascomycota	Dothideomycetes	Pleosporales	Pleosporaceae	Alternaria	NA
f490a63e80dfe5ab0abb9f65c53626df	3.923792809471323e-5	1	NA	NA	NA	FALSE	Fungi	Ascomycota	Saccharomycetes	Saccharomycetales	Saccharomycetaceae	Saccharomyces	Saccharomyces_arboricola
0c751bf11ba2016a7a9f4185f1bbb15e	1.465968865486695e-5	1	NA	NA	NA	FALSE	Fungi	Ascomycota	Eurotiomycetes	Eurotiales	Aspergillaceae	Aspergillus	Aspergillus_flavus
faec35f756f8aed64a4c7f0c0d0d3731	1.4867255680305348e-5	1	NA	NA	NA	FALSE	Fungi	Ascomycota	Saccharomycetes	Saccharomycetales	NA	NA	NA
147c1b1f80238bf848b404ce4e96a814	1.3836686843071844e-5	1	NA	NA	NA	FALSE	Fungi	Ascomycota	Dothideomycetes	Capnodiales	Cladosporiaceae	Cladosporium	NA
2eca5e162413bb369bf2899608477c13	0	0	NA	NA	NA	FALSE	Fungi	Ascomycota	Dothideomycetes	Capnodiales	Neodevriesiaceae	Neodevriesia	Neodevriesia_fraserae
d0d73d0fb8407281347468a0f55e0ad6	0	0	NA	NA	NA	FALSE	Fungi	Ascomycota	Dothideomycetes	Pleosporales	Torulaceae	Torula	NA
19a11b4f06b117958971f67c613feb30	0	0	NA	NA	NA	FALSE	Fungi	Ascomycota	Sordariomycetes	Hypocreales	Bionectriaceae	Clonostachys	NA
7a105c25c327e397d0263ff90938fa6d	0	0	NA	NA	NA	FALSE	Fungi	Ascomycota	Dothideomycetes	Pleosporales	Phaeosphaeriaceae	Didymocyrtis	Didymocyrtis_banksiae
2e4125be70d6584586e2d29718a38cde	0	0	NA	NA	NA	FALSE	Fungi	Basidiomycota	Tremellomycetes	Filobasidiales	Filobasidiaceae	Naganishia	Naganishia_bhutanensis
d0b50ecf9ae9e425da79d2992a20ed22	0	0	NA	NA	NA	FALSE	Fungi	Ascomycota	Pezizomycetes	Pezizales	Pyronemataceae	Pyronema	Pyronema_sp
cd12b70d1aae49870956691c3599a14a	0	0	NA	NA	NA	FALSE	Fungi	Ascomycota	Eurotiomycetes	Eurotiales	Aspergillaceae	Penicillium	Penicillium_ochotense
d42e0dece9b0a61ded5c6e1220165a53	3.6892235014604715e-6	1	NA	NA	NA	FALSE	Fungi	Ascomycota	Dothideomycetes	Botryosphaeriales	Botryosphaeriaceae	Sphaeropsis	Sphaeropsis_sapinea
45a15db85778f90e930a96d799e4dcc3	1.668936420198136e-5	1	NA	NA	NA	FALSE	Fungi	Basidiomycota	Cystobasidiomycetes	Cystobasidiomycetes_ord_Incertae_sedis	Buckleyzymaceae	Buckleyzyma	Buckleyzyma_salicina
026fc2e77daaafce54ce8c709ec24dcb	1.668936420198136e-5	1	NA	NA	NA	FALSE	Fungi	Ascomycota	Sordariomycetes	Hypocreales	Nectriaceae	NA	NA
857d10c71b32d3442d4e17a7c63b881b	1.668936420198136e-5	1	NA	NA	NA	FALSE	Fungi	Ascomycota	Dothideomycetes	Pleosporales	Didymosphaeriaceae	Montagnula	Montagnula_bellevaliae
0ab78a3a1a4e3393fd5fca7410c2588b	0	0	NA	NA	NA	FALSE	Fungi	Basidiomycota	Cystobasidiomycetes	Cystobasidiomycetes_ord_Incertae_sedis	Symmetrosporaceae	Symmetrospora	Symmetrospora_clarorosea
3836a54df85aa1bf586631b51e29c0a6	0	0	NA	NA	NA	FALSE	Fungi	NA	NA	NA	NA	NA	NA
112f1b1a10ca7cb21abcc9c4ce1ed722	0	0	NA	NA	NA	FALSE	Fungi	Ascomycota	Dothideomycetes	Pleosporales	Phaeosphaeriaceae	Phaeosphaeria	NA
0f0769f8021665aac00e9af3e45f1b20	0	0	NA	NA	NA	FALSE	Fungi	Basidiomycota	Agaricomycetes	NA	NA	NA	NA
a69a11e2e1ac1352a8eb826da1c2928f	0	0	NA	NA	NA	FALSE	Fungi	Ascomycota	Dothideomycetes	Mycosphaerellales	Mycosphaerellaceae	Ramularia	Ramularia_collo-cygni
66726f823706707fc2d7987c365b1919	0	0	NA	NA	NA	FALSE	Fungi	Basidiomycota	Agaricomycetes	Boletales	Pisolithaceae	Pisolithus	Pisolithus_sp
6701c352bed7123e3ad02ab623b59295	0	0	NA	NA	NA	FALSE	Fungi	Ascomycota	Dothideomycetes	Pleosporales	Cucurbitariaceae	Pyrenochaetopsis	Pyrenochaetopsis_kuksensis
b90997d83e4c485f5acee640afb0daac	0	0	NA	NA	NA	FALSE	Fungi	NA	NA	NA	NA	NA	NA
cbb99f9568d400587f5f9c69b725087b	0	0	NA	NA	NA	FALSE	Fungi	Basidiomycota	Microbotryomycetes	Sporidiobolales	Sporidiobolaceae	Rhodotorula	Rhodotorula_dairenensis
a8be7f55601c909bd6b65f6a56290a9b	0	0	NA	NA	NA	FALSE	Fungi	Ascomycota	Leotiomycetes	Helotiales	Helotiaceae	Articulospora	Articulospora_sp
